
Gurobi 12.0.3 (linux64) logging started Tue Feb 17 18:25:02 2026

Set parameter WLSAccessID
Set parameter WLSSecret
Set parameter LicenseID to value 2531729
Academic license 2531729 - for non-commercial use only - registered to ns___@vols.utk.edu
Set parameter OutputFlag to value 1

Gurobi 12.0.3 (linux64) logging started Tue Feb 17 18:25:03 2026

Set parameter WLSAccessID
Set parameter WLSSecret
Set parameter LicenseID to value 2531729
Academic license 2531729 - for non-commercial use only - registered to ns___@vols.utk.edu
Set parameter OutputFlag to value 1

Gurobi 12.0.3 (linux64) logging started Tue Feb 17 18:25:03 2026

Set parameter WLSAccessID
Set parameter WLSSecret
Set parameter LicenseID to value 2531729
Academic license 2531729 - for non-commercial use only - registered to ns___@vols.utk.edu
Set parameter OutputFlag to value 1

Gurobi 12.0.3 (linux64) logging started Tue Feb 17 18:25:04 2026

Set parameter WLSAccessID
Set parameter WLSSecret
Set parameter LicenseID to value 2531729
Academic license 2531729 - for non-commercial use only - registered to ns___@vols.utk.edu
Set parameter OutputFlag to value 1

Gurobi 12.0.3 (linux64) logging started Tue Feb 17 18:25:04 2026

Set parameter WLSAccessID
Set parameter WLSSecret
Set parameter LicenseID to value 2531729
Academic license 2531729 - for non-commercial use only - registered to ns___@vols.utk.edu
Set parameter OutputFlag to value 1

Gurobi 12.0.3 (linux64) logging started Tue Feb 17 18:25:04 2026

Set parameter WLSAccessID
Set parameter WLSSecret
Set parameter LicenseID to value 2531729
Academic license 2531729 - for non-commercial use only - registered to ns___@vols.utk.edu
Set parameter OutputFlag to value 1

Gurobi 12.0.3 (linux64) logging started Tue Feb 17 18:25:04 2026

Set parameter WLSAccessID
Set parameter WLSSecret
Set parameter LicenseID to value 2531729
Academic license 2531729 - for non-commercial use only - registered to ns___@vols.utk.edu
Set parameter OutputFlag to value 1

Gurobi 12.0.3 (linux64) logging started Tue Feb 17 18:25:05 2026

Set parameter WLSAccessID
Set parameter WLSSecret
Set parameter LicenseID to value 2531729
Academic license 2531729 - for non-commercial use only - registered to ns___@vols.utk.edu
Set parameter OutputFlag to value 1

Gurobi 12.0.3 (linux64) logging started Tue Feb 17 18:25:05 2026

Set parameter WLSAccessID
Set parameter WLSSecret
Set parameter LicenseID to value 2531729
Academic license 2531729 - for non-commercial use only - registered to ns___@vols.utk.edu
Set parameter OutputFlag to value 1

Gurobi 12.0.3 (linux64) logging started Tue Feb 17 18:25:05 2026

Set parameter WLSAccessID
Set parameter WLSSecret
Set parameter LicenseID to value 2531729
Academic license 2531729 - for non-commercial use only - registered to ns___@vols.utk.edu
Set parameter OutputFlag to value 1

Gurobi 12.0.3 (linux64) logging started Tue Feb 17 18:25:06 2026

Set parameter WLSAccessID
Set parameter WLSSecret
Set parameter LicenseID to value 2531729
Academic license 2531729 - for non-commercial use only - registered to ns___@vols.utk.edu
Set parameter OutputFlag to value 1

Gurobi 12.0.3 (linux64) logging started Tue Feb 17 18:25:06 2026

Set parameter WLSAccessID
Set parameter WLSSecret
Set parameter LicenseID to value 2531729
Academic license 2531729 - for non-commercial use only - registered to ns___@vols.utk.edu
Set parameter OutputFlag to value 1

Gurobi 12.0.3 (linux64) logging started Tue Feb 17 18:25:06 2026

Set parameter WLSAccessID
Set parameter WLSSecret
Set parameter LicenseID to value 2531729
Academic license 2531729 - for non-commercial use only - registered to ns___@vols.utk.edu
Set parameter OutputFlag to value 1

Gurobi 12.0.3 (linux64) logging started Tue Feb 17 18:25:06 2026

Set parameter WLSAccessID
Set parameter WLSSecret
Set parameter LicenseID to value 2531729
Academic license 2531729 - for non-commercial use only - registered to ns___@vols.utk.edu
Set parameter OutputFlag to value 1

Gurobi 12.0.3 (linux64) logging started Tue Feb 17 18:25:07 2026

Set parameter WLSAccessID
Set parameter WLSSecret
Set parameter LicenseID to value 2531729
Academic license 2531729 - for non-commercial use only - registered to ns___@vols.utk.edu
Set parameter OutputFlag to value 1

Gurobi 12.0.3 (linux64) logging started Tue Feb 17 18:25:07 2026

Set parameter WLSAccessID
Set parameter WLSSecret
Set parameter LicenseID to value 2531729
Academic license 2531729 - for non-commercial use only - registered to ns___@vols.utk.edu
Set parameter OutputFlag to value 1

Gurobi 12.0.3 (linux64) logging started Tue Feb 17 18:25:07 2026

Set parameter WLSAccessID
Set parameter WLSSecret
Set parameter LicenseID to value 2531729
Academic license 2531729 - for non-commercial use only - registered to ns___@vols.utk.edu
Set parameter OutputFlag to value 1

Gurobi 12.0.3 (linux64) logging started Tue Feb 17 18:25:07 2026

Set parameter WLSAccessID
Set parameter WLSSecret
Set parameter LicenseID to value 2531729
Academic license 2531729 - for non-commercial use only - registered to ns___@vols.utk.edu
Set parameter OutputFlag to value 1

Gurobi 12.0.3 (linux64) logging started Tue Feb 17 18:25:08 2026

Set parameter WLSAccessID
Set parameter WLSSecret
Set parameter LicenseID to value 2531729
Academic license 2531729 - for non-commercial use only - registered to ns___@vols.utk.edu
Set parameter OutputFlag to value 1

Gurobi 12.0.3 (linux64) logging started Tue Feb 17 18:25:08 2026

Set parameter WLSAccessID
Set parameter WLSSecret
Set parameter LicenseID to value 2531729
Academic license 2531729 - for non-commercial use only - registered to ns___@vols.utk.edu
Set parameter OutputFlag to value 1

Gurobi 12.0.3 (linux64) logging started Tue Feb 17 18:25:08 2026

Set parameter WLSAccessID
Set parameter WLSSecret
Set parameter LicenseID to value 2531729
Academic license 2531729 - for non-commercial use only - registered to ns___@vols.utk.edu
Set parameter OutputFlag to value 1

Gurobi 12.0.3 (linux64) logging started Tue Feb 17 18:25:09 2026

Set parameter WLSAccessID
Set parameter WLSSecret
Set parameter LicenseID to value 2531729
Academic license 2531729 - for non-commercial use only - registered to ns___@vols.utk.edu
Set parameter OutputFlag to value 1

Gurobi 12.0.3 (linux64) logging started Tue Feb 17 18:25:09 2026

Set parameter WLSAccessID
Set parameter WLSSecret
Set parameter LicenseID to value 2531729
Academic license 2531729 - for non-commercial use only - registered to ns___@vols.utk.edu
Set parameter OutputFlag to value 1

Gurobi 12.0.3 (linux64) logging started Tue Feb 17 18:25:09 2026

Set parameter WLSAccessID
Set parameter WLSSecret
Set parameter LicenseID to value 2531729
Academic license 2531729 - for non-commercial use only - registered to ns___@vols.utk.edu
Set parameter OutputFlag to value 1

Gurobi 12.0.3 (linux64) logging started Tue Feb 17 18:25:09 2026

Set parameter WLSAccessID
Set parameter WLSSecret
Set parameter LicenseID to value 2531729
Academic license 2531729 - for non-commercial use only - registered to ns___@vols.utk.edu
Set parameter OutputFlag to value 1

Gurobi 12.0.3 (linux64) logging started Tue Feb 17 18:25:10 2026

Set parameter WLSAccessID
Set parameter WLSSecret
Set parameter LicenseID to value 2531729
Academic license 2531729 - for non-commercial use only - registered to ns___@vols.utk.edu
Set parameter OutputFlag to value 1

Gurobi 12.0.3 (linux64) logging started Tue Feb 17 18:25:10 2026

Set parameter WLSAccessID
Set parameter WLSSecret
Set parameter LicenseID to value 2531729
Academic license 2531729 - for non-commercial use only - registered to ns___@vols.utk.edu
Set parameter OutputFlag to value 1

Gurobi 12.0.3 (linux64) logging started Tue Feb 17 18:25:10 2026

Set parameter WLSAccessID
Set parameter WLSSecret
Set parameter LicenseID to value 2531729
Academic license 2531729 - for non-commercial use only - registered to ns___@vols.utk.edu
Set parameter OutputFlag to value 1

Gurobi 12.0.3 (linux64) logging started Tue Feb 17 18:25:11 2026

Set parameter WLSAccessID
Set parameter WLSSecret
Set parameter LicenseID to value 2531729
Academic license 2531729 - for non-commercial use only - registered to ns___@vols.utk.edu
Set parameter OutputFlag to value 1

Gurobi 12.0.3 (linux64) logging started Tue Feb 17 18:29:44 2026

Set parameter WLSAccessID
Set parameter WLSSecret
Set parameter LicenseID to value 2531729
Academic license 2531729 - for non-commercial use only - registered to ns___@vols.utk.edu
Set parameter OutputFlag to value 1

Gurobi 12.0.3 (linux64) logging started Tue Feb 17 18:29:44 2026

Set parameter WLSAccessID
Set parameter WLSSecret
Set parameter LicenseID to value 2531729
Academic license 2531729 - for non-commercial use only - registered to ns___@vols.utk.edu
Set parameter OutputFlag to value 1

Gurobi 12.0.3 (linux64) logging started Tue Feb 17 18:29:44 2026

Set parameter WLSAccessID
Set parameter WLSSecret
Set parameter LicenseID to value 2531729
Academic license 2531729 - for non-commercial use only - registered to ns___@vols.utk.edu
Set parameter OutputFlag to value 1

Gurobi 12.0.3 (linux64) logging started Tue Feb 17 18:29:44 2026

Set parameter WLSAccessID
Set parameter WLSSecret
Set parameter LicenseID to value 2531729
Academic license 2531729 - for non-commercial use only - registered to ns___@vols.utk.edu
Set parameter OutputFlag to value 1

Gurobi 12.0.3 (linux64) logging started Tue Feb 17 18:29:45 2026

Set parameter WLSAccessID
Set parameter WLSSecret
Set parameter LicenseID to value 2531729
Academic license 2531729 - for non-commercial use only - registered to ns___@vols.utk.edu
Set parameter OutputFlag to value 1

Gurobi 12.0.3 (linux64) logging started Tue Feb 17 18:29:45 2026

Set parameter WLSAccessID
Set parameter WLSSecret
Set parameter LicenseID to value 2531729
Academic license 2531729 - for non-commercial use only - registered to ns___@vols.utk.edu
Set parameter OutputFlag to value 1

Gurobi 12.0.3 (linux64) logging started Tue Feb 17 18:29:45 2026

Set parameter WLSAccessID
Set parameter WLSSecret
Set parameter LicenseID to value 2531729
Academic license 2531729 - for non-commercial use only - registered to ns___@vols.utk.edu
Set parameter OutputFlag to value 1

Gurobi 12.0.3 (linux64) logging started Tue Feb 17 18:29:45 2026

Set parameter WLSAccessID
Set parameter WLSSecret
Set parameter LicenseID to value 2531729
Academic license 2531729 - for non-commercial use only - registered to ns___@vols.utk.edu
Set parameter OutputFlag to value 1

Gurobi 12.0.3 (linux64) logging started Tue Feb 17 18:29:46 2026

Set parameter WLSAccessID
Set parameter WLSSecret
Set parameter LicenseID to value 2531729
Academic license 2531729 - for non-commercial use only - registered to ns___@vols.utk.edu
Set parameter OutputFlag to value 1

Gurobi 12.0.3 (linux64) logging started Tue Feb 17 18:29:46 2026

Set parameter WLSAccessID
Set parameter WLSSecret
Set parameter LicenseID to value 2531729
Academic license 2531729 - for non-commercial use only - registered to ns___@vols.utk.edu
Set parameter OutputFlag to value 1

Gurobi 12.0.3 (linux64) logging started Tue Feb 17 18:29:46 2026

Set parameter WLSAccessID
Set parameter WLSSecret
Set parameter LicenseID to value 2531729
Academic license 2531729 - for non-commercial use only - registered to ns___@vols.utk.edu
Set parameter OutputFlag to value 1

Gurobi 12.0.3 (linux64) logging started Tue Feb 17 18:29:47 2026

Set parameter WLSAccessID
Set parameter WLSSecret
Set parameter LicenseID to value 2531729
Academic license 2531729 - for non-commercial use only - registered to ns___@vols.utk.edu
Set parameter OutputFlag to value 1

Gurobi 12.0.3 (linux64) logging started Tue Feb 17 18:29:47 2026

Set parameter WLSAccessID
Set parameter WLSSecret
Set parameter LicenseID to value 2531729
Academic license 2531729 - for non-commercial use only - registered to ns___@vols.utk.edu
Set parameter OutputFlag to value 1

Gurobi 12.0.3 (linux64) logging started Tue Feb 17 18:29:47 2026

Set parameter WLSAccessID
Set parameter WLSSecret
Set parameter LicenseID to value 2531729
Academic license 2531729 - for non-commercial use only - registered to ns___@vols.utk.edu
Set parameter OutputFlag to value 1

Gurobi 12.0.3 (linux64) logging started Tue Feb 17 18:29:47 2026

Set parameter WLSAccessID
Set parameter WLSSecret
Set parameter LicenseID to value 2531729
Academic license 2531729 - for non-commercial use only - registered to ns___@vols.utk.edu
Set parameter OutputFlag to value 1

Gurobi 12.0.3 (linux64) logging started Tue Feb 17 18:29:48 2026

Set parameter WLSAccessID
Set parameter WLSSecret
Set parameter LicenseID to value 2531729
Academic license 2531729 - for non-commercial use only - registered to ns___@vols.utk.edu
Set parameter OutputFlag to value 1

Gurobi 12.0.3 (linux64) logging started Tue Feb 17 18:29:48 2026

Set parameter WLSAccessID
Set parameter WLSSecret
Set parameter LicenseID to value 2531729
Academic license 2531729 - for non-commercial use only - registered to ns___@vols.utk.edu
Set parameter OutputFlag to value 1

Gurobi 12.0.3 (linux64) logging started Tue Feb 17 18:29:48 2026

Set parameter WLSAccessID
Set parameter WLSSecret
Set parameter LicenseID to value 2531729
Academic license 2531729 - for non-commercial use only - registered to ns___@vols.utk.edu
Set parameter OutputFlag to value 1

Gurobi 12.0.3 (linux64) logging started Tue Feb 17 18:29:49 2026

Set parameter WLSAccessID
Set parameter WLSSecret
Set parameter LicenseID to value 2531729
Academic license 2531729 - for non-commercial use only - registered to ns___@vols.utk.edu
Set parameter OutputFlag to value 1

Gurobi 12.0.3 (linux64) logging started Tue Feb 17 18:29:49 2026

Set parameter WLSAccessID
Set parameter WLSSecret
Set parameter LicenseID to value 2531729
Academic license 2531729 - for non-commercial use only - registered to ns___@vols.utk.edu
Set parameter OutputFlag to value 1

Gurobi 12.0.3 (linux64) logging started Tue Feb 17 18:29:49 2026

Set parameter WLSAccessID
Set parameter WLSSecret
Set parameter LicenseID to value 2531729
Academic license 2531729 - for non-commercial use only - registered to ns___@vols.utk.edu
Set parameter OutputFlag to value 1

Gurobi 12.0.3 (linux64) logging started Tue Feb 17 18:29:49 2026

Set parameter WLSAccessID
Set parameter WLSSecret
Set parameter LicenseID to value 2531729
Academic license 2531729 - for non-commercial use only - registered to ns___@vols.utk.edu
Set parameter OutputFlag to value 1

Gurobi 12.0.3 (linux64) logging started Tue Feb 17 18:29:50 2026

Set parameter WLSAccessID
Set parameter WLSSecret
Set parameter LicenseID to value 2531729
Academic license 2531729 - for non-commercial use only - registered to ns___@vols.utk.edu
Set parameter OutputFlag to value 1

Gurobi 12.0.3 (linux64) logging started Tue Feb 17 18:29:50 2026

Set parameter WLSAccessID
Set parameter WLSSecret
Set parameter LicenseID to value 2531729
Academic license 2531729 - for non-commercial use only - registered to ns___@vols.utk.edu
Set parameter OutputFlag to value 1

Gurobi 12.0.3 (linux64) logging started Tue Feb 17 18:29:50 2026

Set parameter WLSAccessID
Set parameter WLSSecret
Set parameter LicenseID to value 2531729
Academic license 2531729 - for non-commercial use only - registered to ns___@vols.utk.edu
Set parameter OutputFlag to value 1

Gurobi 12.0.3 (linux64) logging started Tue Feb 17 18:29:51 2026

Set parameter WLSAccessID
Set parameter WLSSecret
Set parameter LicenseID to value 2531729
Academic license 2531729 - for non-commercial use only - registered to ns___@vols.utk.edu
Set parameter OutputFlag to value 1

Gurobi 12.0.3 (linux64) logging started Tue Feb 17 18:29:51 2026

Set parameter WLSAccessID
Set parameter WLSSecret
Set parameter LicenseID to value 2531729
Academic license 2531729 - for non-commercial use only - registered to ns___@vols.utk.edu
Set parameter OutputFlag to value 1

Gurobi 12.0.3 (linux64) logging started Tue Feb 17 18:29:51 2026

Set parameter WLSAccessID
Set parameter WLSSecret
Set parameter LicenseID to value 2531729
Academic license 2531729 - for non-commercial use only - registered to ns___@vols.utk.edu
Set parameter OutputFlag to value 1

Gurobi 12.0.3 (linux64) logging started Tue Feb 17 18:29:51 2026

Set parameter WLSAccessID
Set parameter WLSSecret
Set parameter LicenseID to value 2531729
Academic license 2531729 - for non-commercial use only - registered to ns___@vols.utk.edu
Set parameter OutputFlag to value 1

Gurobi 12.0.3 (linux64) logging started Tue Feb 17 18:31:29 2026

Set parameter WLSAccessID
Set parameter WLSSecret
Set parameter LicenseID to value 2531729
Academic license 2531729 - for non-commercial use only - registered to ns___@vols.utk.edu
Set parameter OutputFlag to value 1
Read MPS format model from file /home/natmik/research/MIP/MIPcc25/Initial_problem_set/Test_prob_1.mps
Reading time = 0.00 seconds
obj: 0 rows, 231 columns, 0 nonzeros
Warning: parameter changes on this environment will not affect existing models.
Set parameter TimeLimit to value 10000
Gurobi Optimizer version 12.0.3 build v12.0.3rc0 (linux64 - "Ubuntu 24.04.3 LTS")

CPU model: Intel(R) Core(TM) i9-10980HK CPU @ 2.40GHz, instruction set [SSE2|AVX|AVX2]
Thread count: 8 physical cores, 16 logical processors, using up to 16 threads

Academic license 2531729 - for non-commercial use only - registered to ns___@vols.utk.edu
Optimize a model with 0 rows, 231 columns and 0 nonzeros
Model fingerprint: 0xe9256d5b
Model has 440 quadratic objective terms
Variable types: 0 continuous, 231 integer (231 binary)
Coefficient statistics:
  Matrix range     [0e+00, 0e+00]
  Objective range  [2e+00, 4e+00]
  QObjective range [4e+00, 4e+00]
  Bounds range     [1e+00, 1e+00]
  RHS range        [0e+00, 0e+00]
Found heuristic solution: objective -0.0000000
Found heuristic solution: objective 234.0000000
Presolve removed 0 rows and 22 columns
Presolve time: 0.02s
Presolved: 414 rows, 623 columns, 1242 nonzeros
Variable types: 0 continuous, 623 integer (623 binary)

Root relaxation: objective 2.960000e+02, 288 iterations, 0.00 seconds (0.00 work units)

    Nodes    |    Current Node    |     Objective Bounds      |     Work
 Expl Unexpl |  Obj  Depth IntInf | Incumbent    BestBd   Gap | It/Node Time

     0     0  296.00000    0  208  234.00000  296.00000  26.5%     -    0s
     0     0  275.00000    0  224  234.00000  275.00000  17.5%     -    0s
     0     0  265.75000    0  255  234.00000  265.75000  13.6%     -    0s
     0     0  265.75000    0  253  234.00000  265.75000  13.6%     -    0s
     0     2  265.75000    0  253  234.00000  265.75000  13.6%     -    0s

Cutting planes:
  Gomory: 24
  Cover: 1
  MIR: 1
  Zero half: 208
  RLT: 1

Explored 2750 nodes (118216 simplex iterations) in 1.64 seconds (1.79 work units)
Thread count was 16 (of 16 available processors)

Solution count 2: 234 -0 

Optimal solution found (tolerance 1.00e-04)
Best objective 2.340000000000e+02, best bound 2.340000000000e+02, gap 0.0000%

Gurobi 12.0.3 (linux64) logging started Tue Feb 17 18:31:39 2026

Set parameter WLSAccessID
Set parameter WLSSecret
Set parameter LicenseID to value 2531729
Academic license 2531729 - for non-commercial use only - registered to ns___@vols.utk.edu
Set parameter OutputFlag to value 1
Read MPS format model from file /home/natmik/research/MIP/MIPcc25/Initial_problem_set/Test_prob_4.mps
Reading time = 0.00 seconds
obj: 40 rows, 120 columns, 120 nonzeros
Warning: parameter changes on this environment will not affect existing models.
Set parameter TimeLimit to value 10000
Gurobi Optimizer version 12.0.3 build v12.0.3rc0 (linux64 - "Ubuntu 24.04.3 LTS")

CPU model: Intel(R) Core(TM) i9-10980HK CPU @ 2.40GHz, instruction set [SSE2|AVX|AVX2]
Thread count: 8 physical cores, 16 logical processors, using up to 16 threads

Academic license 2531729 - for non-commercial use only - registered to ns___@vols.utk.edu
Optimize a model with 40 rows, 120 columns and 120 nonzeros
Model fingerprint: 0xd2183856
Model has 2340 quadratic objective terms
Variable types: 0 continuous, 120 integer (120 binary)
Coefficient statistics:
  Matrix range     [1e+00, 1e+00]
  Objective range  [0e+00, 0e+00]
  QObjective range [2e+00, 8e+01]
  Bounds range     [1e+00, 1e+00]
  RHS range        [1e+00, 1e+00]
Found heuristic solution: objective 10660.000000
Presolve time: 0.00s
Presolved: 2380 rows, 2460 columns, 7140 nonzeros
Variable types: 0 continuous, 2460 integer (2460 binary)

Root relaxation: objective 0.000000e+00, 80 iterations, 0.00 seconds (0.00 work units)

    Nodes    |    Current Node    |     Objective Bounds      |     Work
 Expl Unexpl |  Obj  Depth IntInf | Incumbent    BestBd   Gap | It/Node Time

     0     0    0.00000    0   80 10660.0000    0.00000   100%     -    0s
H    0     0                    3415.0000000    0.00000   100%     -    0s
H    0     0                    1183.0000000    0.00000   100%     -    0s
     0     0   62.00000    0  120 1183.00000   62.00000  94.8%     -    0s
     0     0  106.00000    0   94 1183.00000  106.00000  91.0%     -    0s
     0     0  307.11456    0  235 1183.00000  307.11456  74.0%     -    0s
     0     0  344.00000    0  175 1183.00000  344.00000  70.9%     -    0s
     0     0  350.50000    0  183 1183.00000  350.50000  70.4%     -    0s
     0     0  426.91667    0  237 1183.00000  426.91667  63.9%     -    0s
     0     0  426.96949    0  234 1183.00000  426.96949  63.9%     -    1s
     0     2  429.28164    0  234 1183.00000  429.28164  63.7%     -    1s
   445   148 1143.92067    9  402 1183.00000  824.39656  30.3%   337    5s

Cutting planes:
  Cover: 4
  Dual implied bound: 49
  MIR: 102
  Zero half: 200
  RLT: 601
  BQP: 85

Explored 991 nodes (329960 simplex iterations) in 9.62 seconds (19.95 work units)
Thread count was 16 (of 16 available processors)

Solution count 3: 1183 3415 10660 

Optimal solution found (tolerance 1.00e-04)
Best objective 1.183000000000e+03, best bound 1.183000000000e+03, gap 0.0000%

Gurobi 12.0.3 (linux64) logging started Tue Feb 17 18:31:56 2026

Set parameter WLSAccessID
Set parameter WLSSecret
Set parameter LicenseID to value 2531729
Academic license 2531729 - for non-commercial use only - registered to ns___@vols.utk.edu
Set parameter OutputFlag to value 1
Read MPS format model from file /home/natmik/research/MIP/MIPcc25/Initial_problem_set/Test_prob_12.mps
Reading time = 0.00 seconds
obj: 80 rows, 316 columns, 395 nonzeros
Warning: parameter changes on this environment will not affect existing models.
Set parameter TimeLimit to value 10000
Gurobi Optimizer version 12.0.3 build v12.0.3rc0 (linux64 - "Ubuntu 24.04.3 LTS")

CPU model: Intel(R) Core(TM) i9-10980HK CPU @ 2.40GHz, instruction set [SSE2|AVX|AVX2]
Thread count: 8 physical cores, 16 logical processors, using up to 16 threads

Academic license 2531729 - for non-commercial use only - registered to ns___@vols.utk.edu
Optimize a model with 80 rows, 316 columns and 395 nonzeros
Model fingerprint: 0x7444b87b
Model has 2241 quadratic objective terms
Variable types: 0 continuous, 316 integer (316 binary)
Coefficient statistics:
  Matrix range     [1e+00, 1e+00]
  Objective range  [0e+00, 0e+00]
  QObjective range [2e-01, 2e+00]
  Bounds range     [1e+00, 1e+00]
  RHS range        [1e+00, 1e+00]
Found heuristic solution: objective 166.1500000
Presolve removed 14 rows and 118 columns
Presolve time: 0.07s
Presolved: 2100 rows, 2232 columns, 6300 nonzeros
Found heuristic solution: objective 154.0070000
Variable types: 0 continuous, 2232 integer (2232 binary)

Root relaxation: objective 9.207000e+00, 133 iterations, 0.00 seconds (0.00 work units)

    Nodes    |    Current Node    |     Objective Bounds      |     Work
 Expl Unexpl |  Obj  Depth IntInf | Incumbent    BestBd   Gap | It/Node Time

     0     0    9.20700    0  132  154.00700    9.20700  94.0%     -    0s
H    0     0                     103.5440000    9.20700  91.1%     -    0s
H    0     0                      81.0160000    9.20700  88.6%     -    0s
     0     0   37.25417    0  418   81.01600   37.25417  54.0%     -    0s
     0     0   41.73675    0  445   81.01600   41.73675  48.5%     -    0s
     0     0   44.10450    0  443   81.01600   44.10450  45.6%     -    0s
     0     0   44.17050    0  446   81.01600   44.17050  45.5%     -    0s
     0     0   66.43408    0  745   81.01600   66.43408  18.0%     -    0s
     0     0   66.53175    0  668   81.01600   66.53175  17.9%     -    0s
     0     2   66.67608    0  662   81.01600   66.67608  17.7%     -    0s
H  344   351                      80.6890000   69.72033  13.6%  69.2    0s
H  352   351                      80.5820000   69.72033  13.5%  68.7    0s
H  757   602                      80.4870000   70.80800  12.0%  58.0    1s
H 1325  1092                      80.4480000   70.83777  11.9%  56.6    1s

Gurobi 12.0.3 (linux64) logging started Tue Feb 17 18:34:16 2026

Set parameter WLSAccessID
Set parameter WLSSecret
Set parameter LicenseID to value 2531729
Academic license 2531729 - for non-commercial use only - registered to ns___@vols.utk.edu
Set parameter OutputFlag to value 1
Read MPS format model from file /home/natmik/research/MIP/MIPcc25/Initial_problem_set/Test_prob_1.mps
Reading time = 0.00 seconds
obj: 0 rows, 231 columns, 0 nonzeros
Warning: parameter changes on this environment will not affect existing models.
Set parameter TimeLimit to value 10000
Gurobi Optimizer version 12.0.3 build v12.0.3rc0 (linux64 - "Ubuntu 24.04.3 LTS")

CPU model: Intel(R) Core(TM) i9-10980HK CPU @ 2.40GHz, instruction set [SSE2|AVX|AVX2]
Thread count: 8 physical cores, 16 logical processors, using up to 16 threads

Academic license 2531729 - for non-commercial use only - registered to ns___@vols.utk.edu
Optimize a model with 0 rows, 231 columns and 0 nonzeros
Model fingerprint: 0xe9256d5b
Model has 440 quadratic objective terms
Variable types: 0 continuous, 231 integer (231 binary)
Coefficient statistics:
  Matrix range     [0e+00, 0e+00]
  Objective range  [2e+00, 4e+00]
  QObjective range [4e+00, 4e+00]
  Bounds range     [1e+00, 1e+00]
  RHS range        [0e+00, 0e+00]
Found heuristic solution: objective -0.0000000
Found heuristic solution: objective 234.0000000
Presolve removed 0 rows and 22 columns
Presolve time: 0.02s
Presolved: 414 rows, 623 columns, 1242 nonzeros
Variable types: 0 continuous, 623 integer (623 binary)

Root relaxation: objective 2.960000e+02, 288 iterations, 0.00 seconds (0.00 work units)

    Nodes    |    Current Node    |     Objective Bounds      |     Work
 Expl Unexpl |  Obj  Depth IntInf | Incumbent    BestBd   Gap | It/Node Time

     0     0  296.00000    0  208  234.00000  296.00000  26.5%     -    0s
     0     0  275.00000    0  224  234.00000  275.00000  17.5%     -    0s
     0     0  265.75000    0  255  234.00000  265.75000  13.6%     -    0s
     0     0  265.75000    0  253  234.00000  265.75000  13.6%     -    0s
     0     2  265.75000    0  253  234.00000  265.75000  13.6%     -    0s

Cutting planes:
  Gomory: 24
  Cover: 1
  MIR: 1
  Zero half: 208
  RLT: 1

Explored 2750 nodes (118216 simplex iterations) in 1.80 seconds (1.79 work units)
Thread count was 16 (of 16 available processors)

Solution count 2: 234 -0 

Optimal solution found (tolerance 1.00e-04)
Best objective 2.340000000000e+02, best bound 2.340000000000e+02, gap 0.0000%

Gurobi 12.0.0 (linux64) logging started Tue Feb 17 18:44:36 2026

Set parameter WLSAccessID
Set parameter WLSSecret
Set parameter LicenseID to value 2531729
Academic license 2531729 - for non-commercial use only - registered to ns___@vols.utk.edu
Set parameter OutputFlag to value 1
Read MPS format model from file Initial_problem_set/Test_prob_1.mps
Reading time = 0.00 seconds
obj: 0 rows, 231 columns, 0 nonzeros
Warning: parameter changes on this environment will not affect existing models.
Set parameter TimeLimit to value 10000
Gurobi Optimizer version 12.0.0 build v12.0.0rc1 (linux64 - "Ubuntu 22.04.5 LTS")

CPU model: AMD Ryzen Threadripper PRO 5975WX 32-Cores, instruction set [SSE2|AVX|AVX2]
Thread count: 32 physical cores, 64 logical processors, using up to 32 threads

Academic license 2531729 - for non-commercial use only - registered to ns___@vols.utk.edu
Optimize a model with 0 rows, 231 columns and 0 nonzeros
Model fingerprint: 0xe9256d5b
Model has 440 quadratic objective terms
Variable types: 0 continuous, 231 integer (231 binary)
Coefficient statistics:
  Matrix range     [0e+00, 0e+00]
  Objective range  [2e+00, 4e+00]
  QObjective range [4e+00, 4e+00]
  Bounds range     [1e+00, 1e+00]
  RHS range        [0e+00, 0e+00]
Found heuristic solution: objective -0.0000000
Found heuristic solution: objective 234.0000000
Presolve removed 0 rows and 22 columns
Presolve time: 0.03s
Presolved: 414 rows, 623 columns, 1242 nonzeros
Variable types: 0 continuous, 623 integer (623 binary)

Root relaxation: objective 2.960000e+02, 288 iterations, 0.00 seconds (0.00 work units)

    Nodes    |    Current Node    |     Objective Bounds      |     Work
 Expl Unexpl |  Obj  Depth IntInf | Incumbent    BestBd   Gap | It/Node Time

     0     0  296.00000    0  208  234.00000  296.00000  26.5%     -    0s
     0     0  275.00000    0  224  234.00000  275.00000  17.5%     -    0s
     0     0  265.75000    0  255  234.00000  265.75000  13.6%     -    0s
     0     0  265.75000    0  253  234.00000  265.75000  13.6%     -    0s
     0     2  265.75000    0  253  234.00000  265.75000  13.6%     -    0s

Cutting planes:
  Gomory: 32
  Cover: 1
  MIR: 1
  Flow cover: 1
  Zero half: 204
  RLT: 1

Explored 4137 nodes (192443 simplex iterations) in 1.53 seconds (1.90 work units)
Thread count was 32 (of 64 available processors)

Solution count 2: 234 -0 

Optimal solution found (tolerance 1.00e-04)
Best objective 2.340000000000e+02, best bound 2.340000000000e+02, gap 0.0000%

Gurobi 12.0.0 (linux64) logging started Tue Feb 17 18:44:38 2026

Set parameter WLSAccessID
Set parameter WLSSecret
Set parameter LicenseID to value 2531729
Academic license 2531729 - for non-commercial use only - registered to ns___@vols.utk.edu
Set parameter OutputFlag to value 1
Read MPS format model from file Initial_problem_set/Test_prob_4.mps
Reading time = 0.00 seconds
obj: 40 rows, 120 columns, 120 nonzeros
Warning: parameter changes on this environment will not affect existing models.
Set parameter TimeLimit to value 10000
Gurobi Optimizer version 12.0.0 build v12.0.0rc1 (linux64 - "Ubuntu 22.04.5 LTS")

CPU model: AMD Ryzen Threadripper PRO 5975WX 32-Cores, instruction set [SSE2|AVX|AVX2]
Thread count: 32 physical cores, 64 logical processors, using up to 32 threads

Academic license 2531729 - for non-commercial use only - registered to ns___@vols.utk.edu
Optimize a model with 40 rows, 120 columns and 120 nonzeros
Model fingerprint: 0xd2183856
Model has 2340 quadratic objective terms
Variable types: 0 continuous, 120 integer (120 binary)
Coefficient statistics:
  Matrix range     [1e+00, 1e+00]
  Objective range  [0e+00, 0e+00]
  QObjective range [2e+00, 8e+01]
  Bounds range     [1e+00, 1e+00]
  RHS range        [1e+00, 1e+00]
Found heuristic solution: objective 10660.000000
Presolve time: 0.00s
Presolved: 2380 rows, 2460 columns, 7140 nonzeros
Variable types: 0 continuous, 2460 integer (2460 binary)

Root relaxation: objective 0.000000e+00, 80 iterations, 0.00 seconds (0.00 work units)

    Nodes    |    Current Node    |     Objective Bounds      |     Work
 Expl Unexpl |  Obj  Depth IntInf | Incumbent    BestBd   Gap | It/Node Time

     0     0    0.00000    0   80 10660.0000    0.00000   100%     -    0s
H    0     0                    3415.0000000    0.00000   100%     -    0s
H    0     0                    1183.0000000    0.00000   100%     -    0s
     0     0   62.00000    0  120 1183.00000   62.00000  94.8%     -    0s
     0     0  106.00000    0   94 1183.00000  106.00000  91.0%     -    0s
     0     0  307.11456    0  235 1183.00000  307.11456  74.0%     -    0s
     0     0  344.00000    0  175 1183.00000  344.00000  70.9%     -    0s
     0     0  350.50000    0  183 1183.00000  350.50000  70.4%     -    0s
     0     0  426.91667    0  237 1183.00000  426.91667  63.9%     -    0s
     0     0  426.96949    0  234 1183.00000  426.96949  63.9%     -    0s
     0     2  429.28164    0  234 1183.00000  429.28164  63.7%     -    1s

Cutting planes:
  Cover: 4
  Dual implied bound: 56
  MIR: 291
  Zero half: 192
  RLT: 668
  BQP: 92

Explored 756 nodes (343055 simplex iterations) in 4.36 seconds (9.52 work units)
Thread count was 32 (of 64 available processors)

Solution count 3: 1183 3415 10660 

Optimal solution found (tolerance 1.00e-04)
Best objective 1.183000000000e+03, best bound 1.183000000000e+03, gap 0.0000%

Gurobi 12.0.0 (linux64) logging started Tue Feb 17 18:44:43 2026

Set parameter WLSAccessID
Set parameter WLSSecret
Set parameter LicenseID to value 2531729
Academic license 2531729 - for non-commercial use only - registered to ns___@vols.utk.edu
Set parameter OutputFlag to value 1
Read MPS format model from file Initial_problem_set/Test_prob_12.mps
Reading time = 0.00 seconds
obj: 80 rows, 316 columns, 395 nonzeros
Warning: parameter changes on this environment will not affect existing models.
Set parameter TimeLimit to value 10000
Gurobi Optimizer version 12.0.0 build v12.0.0rc1 (linux64 - "Ubuntu 22.04.5 LTS")

CPU model: AMD Ryzen Threadripper PRO 5975WX 32-Cores, instruction set [SSE2|AVX|AVX2]
Thread count: 32 physical cores, 64 logical processors, using up to 32 threads

Academic license 2531729 - for non-commercial use only - registered to ns___@vols.utk.edu
Optimize a model with 80 rows, 316 columns and 395 nonzeros
Model fingerprint: 0x7444b87b
Model has 2241 quadratic objective terms
Variable types: 0 continuous, 316 integer (316 binary)
Coefficient statistics:
  Matrix range     [1e+00, 1e+00]
  Objective range  [0e+00, 0e+00]
  QObjective range [2e-01, 2e+00]
  Bounds range     [1e+00, 1e+00]
  RHS range        [1e+00, 1e+00]
Found heuristic solution: objective 166.1500000
Presolve removed 14 rows and 118 columns
Presolve time: 0.07s
Presolved: 2100 rows, 2232 columns, 6300 nonzeros
Found heuristic solution: objective 154.0070000
Variable types: 0 continuous, 2232 integer (2232 binary)

Root relaxation: objective 9.207000e+00, 133 iterations, 0.00 seconds (0.00 work units)

    Nodes    |    Current Node    |     Objective Bounds      |     Work
 Expl Unexpl |  Obj  Depth IntInf | Incumbent    BestBd   Gap | It/Node Time

     0     0    9.20700    0  132  154.00700    9.20700  94.0%     -    0s
H    0     0                     103.5440000    9.20700  91.1%     -    0s
H    0     0                      81.0160000    9.20700  88.6%     -    0s
     0     0   37.25417    0  418   81.01600   37.25417  54.0%     -    0s
     0     0   41.73675    0  445   81.01600   41.73675  48.5%     -    0s
     0     0   44.10450    0  443   81.01600   44.10450  45.6%     -    0s
     0     0   44.17050    0  446   81.01600   44.17050  45.5%     -    0s
     0     0   66.43408    0  745   81.01600   66.43408  18.0%     -    0s
     0     0   66.53175    0  668   81.01600   66.53175  17.9%     -    0s
     0     2   66.67608    0  662   81.01600   66.67608  17.7%     -    0s

Gurobi 12.0.0 (linux64) logging started Mon Feb 23 07:31:28 2026

Set parameter WLSAccessID
Set parameter WLSSecret
Set parameter LicenseID to value 2531729
Academic license 2531729 - for non-commercial use only - registered to ns___@vols.utk.edu
Set parameter OutputFlag to value 1
Read MPS format model from file Initial_problem_set/Test_prob_1.mps
Reading time = 0.00 seconds
obj: 0 rows, 231 columns, 0 nonzeros
Gurobi Optimizer version 12.0.0 build v12.0.0rc1 (linux64 - "Ubuntu 22.04.5 LTS")

CPU model: AMD Ryzen Threadripper PRO 5975WX 32-Cores, instruction set [SSE2|AVX|AVX2]
Thread count: 32 physical cores, 64 logical processors, using up to 32 threads

Academic license 2531729 - for non-commercial use only - registered to ns___@vols.utk.edu
Optimize a model with 0 rows, 231 columns and 0 nonzeros
Model fingerprint: 0xe9256d5b
Model has 440 quadratic objective terms
Variable types: 0 continuous, 231 integer (231 binary)
Coefficient statistics:
  Matrix range     [0e+00, 0e+00]
  Objective range  [2e+00, 4e+00]
  QObjective range [4e+00, 4e+00]
  Bounds range     [1e+00, 1e+00]
  RHS range        [0e+00, 0e+00]
Found heuristic solution: objective -0.0000000
Found heuristic solution: objective 234.0000000
Presolve removed 0 rows and 22 columns
Presolve time: 0.05s
Presolved: 414 rows, 623 columns, 1242 nonzeros
Variable types: 0 continuous, 623 integer (623 binary)

Root relaxation: objective 2.960000e+02, 288 iterations, 0.00 seconds (0.00 work units)

    Nodes    |    Current Node    |     Objective Bounds      |     Work
 Expl Unexpl |  Obj  Depth IntInf | Incumbent    BestBd   Gap | It/Node Time

     0     0  296.00000    0  208  234.00000  296.00000  26.5%     -    0s
     0     0  275.00000    0  224  234.00000  275.00000  17.5%     -    0s
     0     0  265.75000    0  255  234.00000  265.75000  13.6%     -    0s
     0     0  265.75000    0  253  234.00000  265.75000  13.6%     -    0s
     0     2  265.75000    0  253  234.00000  265.75000  13.6%     -    0s

Cutting planes:
  Gomory: 32
  Cover: 1
  MIR: 1
  Flow cover: 1
  Zero half: 204
  RLT: 1

Explored 4137 nodes (192443 simplex iterations) in 1.47 seconds (1.90 work units)
Thread count was 32 (of 64 available processors)

Solution count 2: 234 -0 

Optimal solution found (tolerance 1.00e-04)
Best objective 2.340000000000e+02, best bound 2.340000000000e+02, gap 0.0000%

Gurobi 12.0.0 (linux64) logging started Mon Feb 23 12:08:15 2026

Set parameter WLSAccessID
Set parameter WLSSecret
Set parameter LicenseID to value 2531729
Academic license 2531729 - for non-commercial use only - registered to ns___@vols.utk.edu
Set parameter OutputFlag to value 1
Read MPS format model from file Initial_problem_set/Test_prob_1.mps
Reading time = 0.00 seconds
obj: 0 rows, 231 columns, 0 nonzeros
Warning: parameter changes on this environment will not affect existing models.
Set parameter TimeLimit to value 10000
Gurobi Optimizer version 12.0.0 build v12.0.0rc1 (linux64 - "Ubuntu 22.04.5 LTS")

CPU model: AMD Ryzen Threadripper PRO 5975WX 32-Cores, instruction set [SSE2|AVX|AVX2]
Thread count: 32 physical cores, 64 logical processors, using up to 32 threads

Academic license 2531729 - for non-commercial use only - registered to ns___@vols.utk.edu
Optimize a model with 0 rows, 231 columns and 0 nonzeros
Model fingerprint: 0xe9256d5b
Model has 440 quadratic objective terms
Variable types: 0 continuous, 231 integer (231 binary)
Coefficient statistics:
  Matrix range     [0e+00, 0e+00]
  Objective range  [2e+00, 4e+00]
  QObjective range [4e+00, 4e+00]
  Bounds range     [1e+00, 1e+00]
  RHS range        [0e+00, 0e+00]
Found heuristic solution: objective -0.0000000
Found heuristic solution: objective 234.0000000
Presolve removed 0 rows and 22 columns
Presolve time: 0.05s
Presolved: 414 rows, 623 columns, 1242 nonzeros
Variable types: 0 continuous, 623 integer (623 binary)

Root relaxation: objective 2.960000e+02, 288 iterations, 0.00 seconds (0.00 work units)

    Nodes    |    Current Node    |     Objective Bounds      |     Work
 Expl Unexpl |  Obj  Depth IntInf | Incumbent    BestBd   Gap | It/Node Time

     0     0  296.00000    0  208  234.00000  296.00000  26.5%     -    0s
     0     0  275.00000    0  224  234.00000  275.00000  17.5%     -    0s
     0     0  265.75000    0  255  234.00000  265.75000  13.6%     -    0s
     0     0  265.75000    0  253  234.00000  265.75000  13.6%     -    0s
     0     2  265.75000    0  253  234.00000  265.75000  13.6%     -    0s

Cutting planes:
  Gomory: 32
  Cover: 1
  MIR: 1
  Flow cover: 1
  Zero half: 204
  RLT: 1

Explored 4137 nodes (192443 simplex iterations) in 1.49 seconds (1.90 work units)
Thread count was 32 (of 64 available processors)

Solution count 2: 234 -0 

Optimal solution found (tolerance 1.00e-04)
Best objective 2.340000000000e+02, best bound 2.340000000000e+02, gap 0.0000%

Gurobi 12.0.0 (linux64) logging started Mon Feb 23 12:09:12 2026

Set parameter WLSAccessID
Set parameter WLSSecret
Set parameter LicenseID to value 2531729
Academic license 2531729 - for non-commercial use only - registered to ns___@vols.utk.edu
Set parameter OutputFlag to value 1
Read MPS format model from file Initial_problem_set/Test_prob_1.mps
Reading time = 0.00 seconds
obj: 0 rows, 231 columns, 0 nonzeros
Warning: parameter changes on this environment will not affect existing models.
Set parameter TimeLimit to value 10000
Gurobi Optimizer version 12.0.0 build v12.0.0rc1 (linux64 - "Ubuntu 22.04.5 LTS")

CPU model: AMD Ryzen Threadripper PRO 5975WX 32-Cores, instruction set [SSE2|AVX|AVX2]
Thread count: 32 physical cores, 64 logical processors, using up to 32 threads

Academic license 2531729 - for non-commercial use only - registered to ns___@vols.utk.edu
Optimize a model with 0 rows, 231 columns and 0 nonzeros
Model fingerprint: 0xe9256d5b
Model has 440 quadratic objective terms
Variable types: 0 continuous, 231 integer (231 binary)
Coefficient statistics:
  Matrix range     [0e+00, 0e+00]
  Objective range  [2e+00, 4e+00]
  QObjective range [4e+00, 4e+00]
  Bounds range     [1e+00, 1e+00]
  RHS range        [0e+00, 0e+00]
Found heuristic solution: objective -0.0000000
Found heuristic solution: objective 234.0000000
Presolve removed 0 rows and 22 columns
Presolve time: 0.02s
Presolved: 414 rows, 623 columns, 1242 nonzeros
Variable types: 0 continuous, 623 integer (623 binary)

Root relaxation: objective 2.960000e+02, 288 iterations, 0.00 seconds (0.00 work units)

    Nodes    |    Current Node    |     Objective Bounds      |     Work
 Expl Unexpl |  Obj  Depth IntInf | Incumbent    BestBd   Gap | It/Node Time

     0     0  296.00000    0  208  234.00000  296.00000  26.5%     -    0s
     0     0  275.00000    0  224  234.00000  275.00000  17.5%     -    0s
     0     0  265.75000    0  255  234.00000  265.75000  13.6%     -    0s
     0     0  265.75000    0  253  234.00000  265.75000  13.6%     -    0s
     0     2  265.75000    0  253  234.00000  265.75000  13.6%     -    0s

Cutting planes:
  Gomory: 32
  Cover: 1
  MIR: 1
  Flow cover: 1
  Zero half: 204
  RLT: 1

Explored 4137 nodes (192443 simplex iterations) in 1.37 seconds (1.90 work units)
Thread count was 32 (of 64 available processors)

Solution count 2: 234 -0 

Optimal solution found (tolerance 1.00e-04)
Best objective 2.340000000000e+02, best bound 2.340000000000e+02, gap 0.0000%

Gurobi 12.0.0 (linux64) logging started Mon Feb 23 12:32:04 2026

Set parameter WLSAccessID
Set parameter WLSSecret
Set parameter LicenseID to value 2531729
Academic license 2531729 - for non-commercial use only - registered to ns___@vols.utk.edu
Set parameter OutputFlag to value 1
Read MPS format model from file Initial_problem_set/Test_prob_13.mps
Reading time = 0.01 seconds
obj: 6001 rows, 10000 columns, 18000 nonzeros
Gurobi Optimizer version 12.0.0 build v12.0.0rc1 (linux64 - "Ubuntu 22.04.5 LTS")

CPU model: AMD Ryzen Threadripper PRO 5975WX 32-Cores, instruction set [SSE2|AVX|AVX2]
Thread count: 32 physical cores, 64 logical processors, using up to 32 threads

Academic license 2531729 - for non-commercial use only - registered to ns___@vols.utk.edu
Optimize a model with 6001 rows, 10000 columns and 18000 nonzeros
Model fingerprint: 0x1565b8de
Model has 2000 quadratic constraints
Variable types: 8000 continuous, 2000 integer (2000 binary)
Coefficient statistics:
  Matrix range     [5e-01, 1e+00]
  QMatrix range    [1e+00, 2e+04]
  Objective range  [1e+00, 2e+03]
  Bounds range     [1e+00, 1e+00]
  RHS range        [1e+00, 1e+00]
Presolve removed 4000 rows and 4000 columns
Presolve time: 0.04s
Presolved: 2001 rows, 6000 columns, 6000 nonzeros
Presolved model has 2000 quadratic constraint(s)
Variable types: 4000 continuous, 2000 integer (2000 binary)

Root relaxation: objective 6.580000e+02, 2000 iterations, 0.09 seconds (0.27 work units)

    Nodes    |    Current Node    |     Objective Bounds      |     Work
 Expl Unexpl |  Obj  Depth IntInf | Incumbent    BestBd   Gap | It/Node Time

H    0     0                    20645.000000  658.00000  96.8%     -    0s
*    0     0               0    20645.000000  658.00000  96.8%     -    0s
     0     0  658.00000    0    - 20645.0000  658.00000  96.8%     -    0s
     0     0  658.00000    0    - 20645.0000  658.00000  96.8%     -    0s
     0     0  658.00000    0    - 20645.0000  658.00000  96.8%     -    0s
     0     0  658.00000    0    - 20645.0000  658.00000  96.8%     -    0s
     0     0  658.00000    0    - 20645.0000  658.00000  96.8%     -    0s
     0     0  658.00000    0    - 20645.0000  658.00000  96.8%     -    0s
     0     0  658.00000    0    - 20645.0000  658.00000  96.8%     -    0s
     0     0  658.00000    0    - 20645.0000  658.00000  96.8%     -    0s
     0     0  658.00000    0    - 20645.0000  658.00000  96.8%     -    0s
     0     0  658.00000    0    - 20645.0000  658.00000  96.8%     -    0s
     0     0  658.00000    0    - 20645.0000  658.00000  96.8%     -    0s
     0     0  658.00000    0    - 20645.0000  658.00000  96.8%     -    0s
     0     0  658.00000    0    - 20645.0000  658.00000  96.8%     -    0s
     0     0  658.00000    0    - 20645.0000  658.00000  96.8%     -    0s
     0     0  658.00000    0    - 20645.0000  658.00000  96.8%     -    0s
     0     0  658.00000    0    - 20645.0000  658.00000  96.8%     -    0s
     0     0  658.00000    0    - 20645.0000  658.00000  96.8%     -    0s
     0     0  658.00000    0    - 20645.0000  658.00000  96.8%     -    0s
     0     0  658.00000    0    - 20645.0000  658.00000  96.8%     -    0s
     0     0  658.00000    0    - 20645.0000  658.00000  96.8%     -    0s
     0     0  658.00000    0    - 20645.0000  658.00000  96.8%     -    0s
     0     0  658.00000    0    - 20645.0000  658.00000  96.8%     -    0s
     0     0  658.00000    0    - 20645.0000  658.00000  96.8%     -    0s
     0     0  658.00000    0    - 20645.0000  658.00000  96.8%     -    0s
     0     0  658.00000    0    - 20645.0000  658.00000  96.8%     -    0s
     0     0  658.00000    0    - 20645.0000  658.00000  96.8%     -    0s
     0     0  658.00000    0    - 20645.0000  658.00000  96.8%     -    0s
     0     0  658.00000    0    - 20645.0000  658.00000  96.8%     -    0s
     0     0  658.00000    0    - 20645.0000  658.00000  96.8%     -    0s
     0     0  658.00000    0    - 20645.0000  658.00000  96.8%     -    0s
     0     0  658.00000    0    - 20645.0000  658.00000  96.8%     -    0s
     0     0  658.00000    0    - 20645.0000  658.00000  96.8%     -    0s
     0     0  658.00000    0    - 20645.0000  658.00000  96.8%     -    0s
     0     0  658.00000    0    - 20645.0000  658.00000  96.8%     -    0s
     0     0  658.00000    0    - 20645.0000  658.00000  96.8%     -    0s
     0     0  658.00000    0    - 20645.0000  658.00000  96.8%     -    0s
     0     0  658.00000    0    - 20645.0000  658.00000  96.8%     -    0s
     0     0  658.00000    0    - 20645.0000  658.00000  96.8%     -    0s
     0     0  658.00000    0    - 20645.0000  658.00000  96.8%     -    0s
     0     0  658.00000    0    - 20645.0000  658.00000  96.8%     -    0s
     0     0  658.00000    0    - 20645.0000  658.00000  96.8%     -    0s
     0     0  658.00000    0    - 20645.0000  658.00000  96.8%     -    0s
     0     0  658.00000    0    - 20645.0000  658.00000  96.8%     -    0s
     0     0  658.00000    0    - 20645.0000  658.00000  96.8%     -    0s
     0     0  658.00000    0    - 20645.0000  658.00000  96.8%     -    0s
     0     0  658.00000    0    - 20645.0000  658.00000  96.8%     -    0s
     0     0  658.00000    0    - 20645.0000  658.00000  96.8%     -    0s
     0     0  658.00000    0    - 20645.0000  658.00000  96.8%     -    0s
     0     0  658.00000    0    - 20645.0000  658.00000  96.8%     -    0s
     0     0  658.00000    0    - 20645.0000  658.00000  96.8%     -    0s
*    0     0               0    2639.0000153 2639.00002  0.00%     -    0s
     0     0          -    0      2639.00002 2639.00002  0.00%     -    0s

Explored 1 nodes (2051 simplex iterations) in 0.34 seconds (0.55 work units)
Thread count was 32 (of 64 available processors)

Solution count 2: 2639 20645 
No other solutions better than 2639

Optimal solution found (tolerance 1.00e-04)
Best objective 2.639000005877e+03, best bound 2.639000005877e+03, gap 0.0000%

Gurobi 12.0.0 (linux64) logging started Mon Feb 23 12:32:13 2026

Set parameter WLSAccessID
Set parameter WLSSecret
Set parameter LicenseID to value 2531729
Academic license 2531729 - for non-commercial use only - registered to ns___@vols.utk.edu
Set parameter OutputFlag to value 1
Read MPS format model from file Initial_problem_set/Test_prob_12.mps
Reading time = 0.00 seconds
obj: 80 rows, 316 columns, 395 nonzeros
Gurobi Optimizer version 12.0.0 build v12.0.0rc1 (linux64 - "Ubuntu 22.04.5 LTS")

CPU model: AMD Ryzen Threadripper PRO 5975WX 32-Cores, instruction set [SSE2|AVX|AVX2]
Thread count: 32 physical cores, 64 logical processors, using up to 32 threads

Academic license 2531729 - for non-commercial use only - registered to ns___@vols.utk.edu
Optimize a model with 80 rows, 316 columns and 395 nonzeros
Model fingerprint: 0x7444b87b
Model has 2241 quadratic objective terms
Variable types: 0 continuous, 316 integer (316 binary)
Coefficient statistics:
  Matrix range     [1e+00, 1e+00]
  Objective range  [0e+00, 0e+00]
  QObjective range [2e-01, 2e+00]
  Bounds range     [1e+00, 1e+00]
  RHS range        [1e+00, 1e+00]
Found heuristic solution: objective 166.1500000
Presolve removed 14 rows and 118 columns
Presolve time: 0.08s
Presolved: 2100 rows, 2232 columns, 6300 nonzeros
Found heuristic solution: objective 154.0070000
Variable types: 0 continuous, 2232 integer (2232 binary)

Root relaxation: objective 9.207000e+00, 133 iterations, 0.00 seconds (0.00 work units)

    Nodes    |    Current Node    |     Objective Bounds      |     Work
 Expl Unexpl |  Obj  Depth IntInf | Incumbent    BestBd   Gap | It/Node Time

     0     0    9.20700    0  132  154.00700    9.20700  94.0%     -    0s
H    0     0                     103.5440000    9.20700  91.1%     -    0s
H    0     0                      81.0160000    9.20700  88.6%     -    0s
     0     0   37.25417    0  418   81.01600   37.25417  54.0%     -    0s
     0     0   41.73675    0  445   81.01600   41.73675  48.5%     -    0s
     0     0   44.10450    0  443   81.01600   44.10450  45.6%     -    0s
     0     0   44.17050    0  446   81.01600   44.17050  45.5%     -    0s
     0     0   66.43408    0  745   81.01600   66.43408  18.0%     -    0s
     0     0   66.53175    0  668   81.01600   66.53175  17.9%     -    0s
     0     2   66.67608    0  662   81.01600   66.67608  17.7%     -    0s
H  416   447                      80.9400000   71.20200  12.0%   121    0s
H  417   447                      80.9150000   71.20200  12.0%   121    0s
H  444   447                      80.8200000   71.20200  11.9%   118    0s
H 2053  1653                      80.3860000   71.70760  10.8%  70.9    1s
H 2562  1975                      80.3730000   71.82122  10.6%  67.1    1s
H 2605  1987                      80.2420000   71.82122  10.5%  66.9    1s
* 4261  2791              14      79.9300000   79.93000  0.00%  61.4    4s

Cutting planes:
  Gomory: 52
  Lift-and-project: 1
  Cover: 1
  Dual implied bound: 1
  MIR: 2
  Flow cover: 24
  Inf proof: 3
  Zero half: 78
  RLT: 1227
  BQP: 556

Explored 4261 nodes (285702 simplex iterations) in 4.55 seconds (6.62 work units)
Thread count was 32 (of 64 available processors)

Solution count 10: 79.93 80.242 80.373 ... 154.007

Optimal solution found (tolerance 1.00e-04)
Best objective 7.993000000000e+01, best bound 7.993000000000e+01, gap 0.0000%

Gurobi 12.0.0 (linux64) logging started Mon Feb 23 12:32:24 2026

Set parameter WLSAccessID
Set parameter WLSSecret
Set parameter LicenseID to value 2531729
Academic license 2531729 - for non-commercial use only - registered to ns___@vols.utk.edu
Set parameter OutputFlag to value 1
Read MPS format model from file Initial_problem_set/Test_prob_1.mps
Reading time = 0.00 seconds
obj: 0 rows, 231 columns, 0 nonzeros
Gurobi Optimizer version 12.0.0 build v12.0.0rc1 (linux64 - "Ubuntu 22.04.5 LTS")

CPU model: AMD Ryzen Threadripper PRO 5975WX 32-Cores, instruction set [SSE2|AVX|AVX2]
Thread count: 32 physical cores, 64 logical processors, using up to 32 threads

Academic license 2531729 - for non-commercial use only - registered to ns___@vols.utk.edu
Optimize a model with 0 rows, 231 columns and 0 nonzeros
Model fingerprint: 0xe9256d5b
Model has 440 quadratic objective terms
Variable types: 0 continuous, 231 integer (231 binary)
Coefficient statistics:
  Matrix range     [0e+00, 0e+00]
  Objective range  [2e+00, 4e+00]
  QObjective range [4e+00, 4e+00]
  Bounds range     [1e+00, 1e+00]
  RHS range        [0e+00, 0e+00]
Found heuristic solution: objective -0.0000000
Found heuristic solution: objective 234.0000000
Presolve removed 0 rows and 22 columns
Presolve time: 0.02s
Presolved: 414 rows, 623 columns, 1242 nonzeros
Variable types: 0 continuous, 623 integer (623 binary)

Root relaxation: objective 2.960000e+02, 288 iterations, 0.00 seconds (0.00 work units)

    Nodes    |    Current Node    |     Objective Bounds      |     Work
 Expl Unexpl |  Obj  Depth IntInf | Incumbent    BestBd   Gap | It/Node Time

     0     0  296.00000    0  208  234.00000  296.00000  26.5%     -    0s
     0     0  275.00000    0  224  234.00000  275.00000  17.5%     -    0s
     0     0  265.75000    0  255  234.00000  265.75000  13.6%     -    0s
     0     0  265.75000    0  253  234.00000  265.75000  13.6%     -    0s
     0     2  265.75000    0  253  234.00000  265.75000  13.6%     -    0s

Cutting planes:
  Gomory: 32
  Cover: 1
  MIR: 1
  Flow cover: 1
  Zero half: 204
  RLT: 1

Explored 4137 nodes (192443 simplex iterations) in 1.45 seconds (1.90 work units)
Thread count was 32 (of 64 available processors)

Solution count 2: 234 -0 

Optimal solution found (tolerance 1.00e-04)
Best objective 2.340000000000e+02, best bound 2.340000000000e+02, gap 0.0000%

Gurobi 12.0.0 (linux64) logging started Mon Feb 23 12:32:36 2026

Set parameter WLSAccessID
Set parameter WLSSecret
Set parameter LicenseID to value 2531729
Academic license 2531729 - for non-commercial use only - registered to ns___@vols.utk.edu
Set parameter OutputFlag to value 1
Read MPS format model from file Initial_problem_set/Test_prob_87.mps
Reading time = 0.00 seconds
obj: 1366 rows, 2059 columns, 8879 nonzeros
Gurobi Optimizer version 12.0.0 build v12.0.0rc1 (linux64 - "Ubuntu 22.04.5 LTS")

CPU model: AMD Ryzen Threadripper PRO 5975WX 32-Cores, instruction set [SSE2|AVX|AVX2]
Thread count: 32 physical cores, 64 logical processors, using up to 32 threads

Academic license 2531729 - for non-commercial use only - registered to ns___@vols.utk.edu
Optimize a model with 1366 rows, 2059 columns and 8879 nonzeros
Model fingerprint: 0x2f525427
Model has 683 quadratic constraints
Variable types: 1376 continuous, 683 integer (683 binary)
Coefficient statistics:
  Matrix range     [1e+00, 1e+01]
  QMatrix range    [1e+00, 1e+00]
  Objective range  [1e+00, 1e+00]
  Bounds range     [1e+00, 1e+00]
  RHS range        [1e+00, 1e+00]
Presolve removed 683 rows and 683 columns
Presolve time: 0.01s
Presolved: 683 rows, 1376 columns, 7513 nonzeros
Presolved model has 683 SOS constraint(s)
Variable types: 693 continuous, 683 integer (683 binary)

Root relaxation: objective 0.000000e+00, 72 iterations, 0.00 seconds (0.00 work units)

    Nodes    |    Current Node    |     Objective Bounds      |     Work
 Expl Unexpl |  Obj  Depth IntInf | Incumbent    BestBd   Gap | It/Node Time

     0     0    0.00000    0   46          -    0.00000      -     -    0s
     0     0    0.00000    0   46          -    0.00000      -     -    0s
     0     0    0.00000    0   40          -    0.00000      -     -    0s
     0     0    0.00000    0   40          -    0.00000      -     -    0s
H    0     0                      35.0000000    0.00000   100%     -    0s
H    0     0                      34.0000000    0.00000   100%     -    0s
H    0     0                      33.0000000    0.00000   100%     -    0s
H    0     2                      32.0000000    0.00000   100%     -    0s
     0     2    0.00000    0   40   32.00000    0.00000   100%     -    0s
H    1     4                      25.0000000    0.00000   100%   0.0    0s
H   63    96                      16.0000000    0.00000   100%  39.4    0s
H 1174   617                      15.0000000    1.00000  93.3%  49.6    0s
H 5121  1773                      14.0000000    2.00000  85.7%  38.8    0s
H 5854  1681                      11.0000000    2.00000  81.8%  38.9    0s
 290118 24689 infeasible   28        11.00000    7.00000  36.4%  35.3    5s

Explored 495170 nodes (18093667 simplex iterations) in 8.31 seconds (19.23 work units)
Thread count was 32 (of 64 available processors)

Solution count 9: 11 14 15 ... 35

Optimal solution found (tolerance 1.00e-04)
Best objective 1.100000000000e+01, best bound 1.100000000000e+01, gap 0.0000%

Gurobi 12.0.0 (linux64) logging started Mon Feb 23 12:33:15 2026

Set parameter WLSAccessID
Set parameter WLSSecret
Set parameter LicenseID to value 2531729
Academic license 2531729 - for non-commercial use only - registered to ns___@vols.utk.edu
Set parameter OutputFlag to value 1
Read MPS format model from file Initial_problem_set/Test_prob_67.mps
Reading time = 0.00 seconds
obj: 0 rows, 325 columns, 0 nonzeros
Gurobi Optimizer version 12.0.0 build v12.0.0rc1 (linux64 - "Ubuntu 22.04.5 LTS")

CPU model: AMD Ryzen Threadripper PRO 5975WX 32-Cores, instruction set [SSE2|AVX|AVX2]
Thread count: 32 physical cores, 64 logical processors, using up to 32 threads

Academic license 2531729 - for non-commercial use only - registered to ns___@vols.utk.edu
Optimize a model with 0 rows, 325 columns and 0 nonzeros
Model fingerprint: 0x7f44da8b
Model has 624 quadratic objective terms
Variable types: 0 continuous, 325 integer (325 binary)
Coefficient statistics:
  Matrix range     [0e+00, 0e+00]
  Objective range  [2e+00, 4e+00]
  QObjective range [4e+00, 4e+00]
  Bounds range     [1e+00, 1e+00]
  RHS range        [0e+00, 0e+00]
Found heuristic solution: objective -0.0000000
Found heuristic solution: objective 328.0000000
Found heuristic solution: objective 330.0000000
Presolve removed 0 rows and 26 columns
Presolve time: 0.02s
Presolved: 594 rows, 893 columns, 1782 nonzeros
Variable types: 0 continuous, 893 integer (893 binary)

Root relaxation: objective 4.200000e+02, 424 iterations, 0.00 seconds (0.00 work units)

    Nodes    |    Current Node    |     Objective Bounds      |     Work
 Expl Unexpl |  Obj  Depth IntInf | Incumbent    BestBd   Gap | It/Node Time

     0     0  420.00000    0  298  330.00000  420.00000  27.3%     -    0s
     0     0  401.00000    0  317  330.00000  401.00000  21.5%     -    0s
     0     0  400.50000    0  320  330.00000  400.50000  21.4%     -    0s
     0     0  384.29167    0  345  330.00000  384.29167  16.5%     -    0s
     0     0  384.00000    0  334  330.00000  384.00000  16.4%     -    0s
     0     0  373.16667    0  357  330.00000  373.16667  13.1%     -    0s
     0     0  373.16667    0  338  330.00000  373.16667  13.1%     -    0s
     0     2  373.16667    0  338  330.00000  373.16667  13.1%     -    0s
H 3389  2630                     332.0000000  340.81266  2.65%   103    3s
* 4680  2804              42     334.0000000  338.40066  1.32%   163    4s
  4978  2678  336.77882   24  547  334.00000  338.28843  1.28%   166    5s

Cutting planes:
  Gomory: 44
  MIR: 4
  Flow cover: 1
  Zero half: 528

Explored 7101 nodes (1331591 simplex iterations) in 6.30 seconds (12.50 work units)
Thread count was 32 (of 64 available processors)

Solution count 5: 334 332 330 ... -0

Optimal solution found (tolerance 1.00e-04)
Best objective 3.340000000000e+02, best bound 3.340000000000e+02, gap 0.0000%

Gurobi 12.0.0 (linux64) logging started Mon Feb 23 12:33:41 2026

Set parameter WLSAccessID
Set parameter WLSSecret
Set parameter LicenseID to value 2531729
Academic license 2531729 - for non-commercial use only - registered to ns___@vols.utk.edu
Set parameter OutputFlag to value 1
Read MPS format model from file Initial_problem_set/Test_prob_69.mps
Reading time = 0.00 seconds
obj: 1 rows, 80 columns, 80 nonzeros
Gurobi Optimizer version 12.0.0 build v12.0.0rc1 (linux64 - "Ubuntu 22.04.5 LTS")

CPU model: AMD Ryzen Threadripper PRO 5975WX 32-Cores, instruction set [SSE2|AVX|AVX2]
Thread count: 32 physical cores, 64 logical processors, using up to 32 threads

Academic license 2531729 - for non-commercial use only - registered to ns___@vols.utk.edu
Optimize a model with 1 rows, 80 columns and 80 nonzeros
Model fingerprint: 0x5f5b7d0a
Model has 2844 quadratic objective terms
Variable types: 0 continuous, 80 integer (80 binary)
Coefficient statistics:
  Matrix range     [2e+00, 5e+01]
  Objective range  [0e+00, 0e+00]
  QObjective range [2e+00, 2e+02]
  Bounds range     [1e+00, 1e+00]
  RHS range        [2e+03, 2e+03]
Found heuristic solution: objective 0.0000000
Presolve time: 0.09s
Presolved: 1 rows, 80 columns, 80 nonzeros
Presolved model has 2924 quadratic objective terms
Variable types: 0 continuous, 80 integer (80 binary)
Found heuristic solution: objective -85898.00000

Root relaxation: objective -1.189240e+05, 159 iterations, 0.00 seconds (0.00 work units)

    Nodes    |    Current Node    |     Objective Bounds      |     Work
 Expl Unexpl |  Obj  Depth IntInf | Incumbent    BestBd   Gap | It/Node Time

H    0     0                    -94475.00000 -118923.99  25.9%     -    0s
     0     0 -117394.53    0   45 -94475.000 -117394.53  24.3%     -    0s
H    0     0                    -109105.0000 -117394.53  7.60%     -    0s
H    0     0                    -110579.0000 -117394.53  6.16%     -    0s
H    0     0                    -110683.0000 -117394.53  6.06%     -    0s
H    0     0                    -110942.0000 -117394.53  5.82%     -    0s
     0     0 -117394.53    0   45 -110942.00 -117394.53  5.82%     -    0s
     0     2 -117394.53    0   45 -110942.00 -117394.53  5.82%     -    0s
 497665 26833 -110962.00   31   28 -110942.00 -111304.02  0.33%   3.2    5s

Explored 577619 nodes (1869589 simplex iterations) in 5.52 seconds (11.35 work units)
Thread count was 32 (of 64 available processors)

Solution count 7: -110942 -110683 -110579 ... 0
No other solutions better than -110942

Optimal solution found (tolerance 1.00e-04)
Best objective -1.109420000000e+05, best bound -1.109420000000e+05, gap 0.0000%

Gurobi 12.0.0 (linux64) logging started Mon Feb 23 12:33:55 2026

Set parameter WLSAccessID
Set parameter WLSSecret
Set parameter LicenseID to value 2531729
Academic license 2531729 - for non-commercial use only - registered to ns___@vols.utk.edu
Set parameter OutputFlag to value 1
Read MPS format model from file Initial_problem_set/Test_prob_42.mps
Reading time = 0.00 seconds
obj: 0 rows, 120 columns, 0 nonzeros
Gurobi Optimizer version 12.0.0 build v12.0.0rc1 (linux64 - "Ubuntu 22.04.5 LTS")

CPU model: AMD Ryzen Threadripper PRO 5975WX 32-Cores, instruction set [SSE2|AVX|AVX2]
Thread count: 32 physical cores, 64 logical processors, using up to 32 threads

Academic license 2531729 - for non-commercial use only - registered to ns___@vols.utk.edu
Optimize a model with 0 rows, 120 columns and 0 nonzeros
Model fingerprint: 0x8e70ee9f
Model has 2123 quadratic objective terms
Variable types: 0 continuous, 120 integer (120 binary)
Coefficient statistics:
  Matrix range     [0e+00, 0e+00]
  Objective range  [1e+00, 1e+02]
  QObjective range [4e+00, 2e+02]
  Bounds range     [1e+00, 1e+00]
  RHS range        [0e+00, 0e+00]
Found heuristic solution: objective -0.0000000
Found heuristic solution: objective 796.0000000
Found heuristic solution: objective 12691.000000
Found heuristic solution: objective 13060.000000
Found heuristic solution: objective 13067.000000
Presolve time: 0.08s
Presolved: 2123 rows, 2243 columns, 6369 nonzeros
Variable types: 0 continuous, 2243 integer (2243 binary)

Root relaxation: objective 2.729900e+04, 290 iterations, 0.01 seconds (0.01 work units)

    Nodes    |    Current Node    |     Objective Bounds      |     Work
 Expl Unexpl |  Obj  Depth IntInf | Incumbent    BestBd   Gap | It/Node Time

     0     0 27299.0000    0  120 13067.0000 27299.0000   109%     -    0s
     0     0 19962.0000    0  555 13067.0000 19962.0000  52.8%     -    0s
     0     0 16358.6250    0 1014 13067.0000 16358.6250  25.2%     -    0s
     0     0 15964.0662    0 1514 13067.0000 15964.0662  22.2%     -    1s
     0     0 15852.2904    0 1591 13067.0000 15852.2904  21.3%     -    1s
     0     0 14550.5267    0 1680 13067.0000 14550.5267  11.4%     -    2s
     0     0 14550.3291    0 1680 13067.0000 14550.3291  11.4%     -    2s
     0     2 14550.3291    0 1680 13067.0000 14550.3291  11.4%     -    3s
    31    64 13541.1062    5 1554 13067.0000 14081.4043  7.76%  1561    5s
   811   502 13306.8914   10 1451 13067.0000 13781.9382  5.47%   934   10s
  1918   736     cutoff   14      13067.0000 13642.3117  4.40%   777   15s
  3086   866 13242.2810   10 1509 13067.0000 13498.0569  3.30%   744   20s
  4530   728     cutoff   13      13067.0000 13381.0973  2.40%   730   25s
  5590   400     cutoff   10      13067.0000 13300.3934  1.79%   733   30s

Cutting planes:
  Dual implied bound: 2
  MIR: 262
  Zero half: 95
  RLT: 692
  BQP: 952

Explored 6509 nodes (4587955 simplex iterations) in 33.61 seconds (80.51 work units)
Thread count was 32 (of 64 available processors)

Solution count 5: 13067 13060 12691 ... -0

Optimal solution found (tolerance 1.00e-04)
Best objective 1.306700000000e+04, best bound 1.306700000000e+04, gap 0.0000%

Gurobi 12.0.0 (linux64) logging started Mon Feb 23 12:35:27 2026

Set parameter WLSAccessID
Set parameter WLSSecret
Set parameter LicenseID to value 2531729
Academic license 2531729 - for non-commercial use only - registered to ns___@vols.utk.edu
Set parameter OutputFlag to value 1
Read MPS format model from file Initial_problem_set/Test_prob_1.mps
Reading time = 0.00 seconds
obj: 0 rows, 231 columns, 0 nonzeros
Gurobi Optimizer version 12.0.0 build v12.0.0rc1 (linux64 - "Ubuntu 22.04.5 LTS")

CPU model: AMD Ryzen Threadripper PRO 5975WX 32-Cores, instruction set [SSE2|AVX|AVX2]
Thread count: 32 physical cores, 64 logical processors, using up to 32 threads

Academic license 2531729 - for non-commercial use only - registered to ns___@vols.utk.edu
Optimize a model with 0 rows, 231 columns and 0 nonzeros
Model fingerprint: 0xe9256d5b
Model has 440 quadratic objective terms
Variable types: 0 continuous, 231 integer (231 binary)
Coefficient statistics:
  Matrix range     [0e+00, 0e+00]
  Objective range  [2e+00, 4e+00]
  QObjective range [4e+00, 4e+00]
  Bounds range     [1e+00, 1e+00]
  RHS range        [0e+00, 0e+00]
Found heuristic solution: objective -0.0000000
Found heuristic solution: objective 234.0000000
Presolve removed 0 rows and 22 columns
Presolve time: 0.03s
Presolved: 414 rows, 623 columns, 1242 nonzeros
Variable types: 0 continuous, 623 integer (623 binary)

Root relaxation: objective 2.960000e+02, 288 iterations, 0.00 seconds (0.00 work units)

    Nodes    |    Current Node    |     Objective Bounds      |     Work
 Expl Unexpl |  Obj  Depth IntInf | Incumbent    BestBd   Gap | It/Node Time

     0     0  296.00000    0  208  234.00000  296.00000  26.5%     -    0s
     0     0  275.00000    0  224  234.00000  275.00000  17.5%     -    0s
     0     0  265.75000    0  255  234.00000  265.75000  13.6%     -    0s
     0     0  265.75000    0  253  234.00000  265.75000  13.6%     -    0s
     0     2  265.75000    0  253  234.00000  265.75000  13.6%     -    0s

Cutting planes:
  Gomory: 32
  Cover: 1
  MIR: 1
  Flow cover: 1
  Zero half: 204
  RLT: 1

Explored 4137 nodes (192443 simplex iterations) in 1.43 seconds (1.90 work units)
Thread count was 32 (of 64 available processors)

Solution count 2: 234 -0 

Optimal solution found (tolerance 1.00e-04)
Best objective 2.340000000000e+02, best bound 2.340000000000e+02, gap 0.0000%

Gurobi 12.0.0 (linux64) logging started Mon Feb 23 12:36:07 2026

Set parameter WLSAccessID
Set parameter WLSSecret
Set parameter LicenseID to value 2531729
Academic license 2531729 - for non-commercial use only - registered to ns___@vols.utk.edu
Set parameter OutputFlag to value 1
Read MPS format model from file Initial_problem_set/Test_prob_15.mps
Reading time = 0.00 seconds
obj: 1 rows, 250 columns, 250 nonzeros
Gurobi Optimizer version 12.0.0 build v12.0.0rc1 (linux64 - "Ubuntu 22.04.5 LTS")

CPU model: AMD Ryzen Threadripper PRO 5975WX 32-Cores, instruction set [SSE2|AVX|AVX2]
Thread count: 32 physical cores, 64 logical processors, using up to 32 threads

Academic license 2531729 - for non-commercial use only - registered to ns___@vols.utk.edu
Optimize a model with 1 rows, 250 columns and 250 nonzeros
Model fingerprint: 0xa78ca6a0
Model has 3134 quadratic objective terms
Variable types: 0 continuous, 250 integer (250 binary)
Coefficient statistics:
  Matrix range     [1e+00, 1e+00]
  Objective range  [0e+00, 0e+00]
  QObjective range [2e+00, 2e+02]
  Bounds range     [1e+00, 1e+00]
  RHS range        [1e+00, 1e+00]
Found heuristic solution: objective 2375.0000000
Presolve time: 0.09s
Presolved: 3115 rows, 3364 columns, 9592 nonzeros
Variable types: 0 continuous, 3364 integer (3364 binary)

Root relaxation: objective 4.000750e+04, 640 iterations, 0.02 seconds (0.02 work units)

    Nodes    |    Current Node    |     Objective Bounds      |     Work
 Expl Unexpl |  Obj  Depth IntInf | Incumbent    BestBd   Gap | It/Node Time

     0     0 40007.5000    0  250 2375.00000 40007.5000  1585%     -    0s
H    0     0                    3835.0000000 40007.5000   943%     -    0s
H    0     0                    4161.0000000 40007.5000   861%     -    0s
H    0     0                    5161.0000000 40007.5000   675%     -    0s
H    0     0                    6495.0000000 40007.5000   516%     -    0s
H    0     0                    6851.0000000 40007.5000   484%     -    0s
H    0     0                    7578.0000000 31286.5000   313%     -    0s
H    0     0                    7630.0000000 31286.5000   310%     -    0s
H    0     0                    8985.0000000 31286.5000   248%     -    0s
H    0     0                    9312.0000000 31286.5000   236%     -    0s
     0     0 31286.5000    0  866 9312.00000 31286.5000   236%     -    0s
H    0     0                    10663.000000 30486.0000   186%     -    0s
H    0     0                    10738.000000 30486.0000   184%     -    0s
     0     0 30486.0000    0  924 10738.0000 30486.0000   184%     -    0s
     0     0 30448.0000    0  925 10738.0000 30448.0000   184%     -    0s
H    0     0                    12117.000000 29496.0000   143%     -    1s
H    0     0                    12197.000000 29496.0000   142%     -    1s
H    0     0                    12477.000000 29496.0000   136%     -    1s
H    0     0                    13502.000000 29496.0000   118%     -    1s
H    0     0                    13551.000000 29496.0000   118%     -    1s
H    0     0                    13557.000000 29496.0000   118%     -    1s
H    0     0                    13665.000000 29496.0000   116%     -    1s
     0     0 29496.0000    0 1020 13665.0000 29496.0000   116%     -    1s
     0     0 29496.0000    0 1020 13665.0000 29496.0000   116%     -    1s
H    0     2                    14109.000000 29495.5000   109%     -    1s
     0     2 29495.5000    0 1020 14109.0000 29495.5000   109%     -    1s
H    7    16                    15021.000000 29243.6389  94.7%   257    1s
H   31    64                    15514.000000 28994.0000  86.9%   314    1s
H   33    64                    16840.000000 28994.0000  72.2%   310    1s
H   95   151                    17641.000000 28772.1667  63.1%   300    1s
H  125   151                    18287.000000 28772.1667  57.3%   286    1s
H  150   209                    18300.000000 28772.1667  57.2%   274    2s
H  220   246                    18668.000000 28772.1667  54.1%   264    2s
H  316   382                    18679.000000 28772.1667  54.0%   250    2s
H  318   382                    18772.000000 28772.1667  53.3%   249    2s
H  320   382                    19525.000000 28772.1667  47.4%   249    2s
H  337   382                    20000.000000 28772.1667  43.9%   246    2s
H  344   382                    20062.000000 28772.1667  43.4%   245    2s
H  381   441                    20072.000000 28772.1667  43.3%   238    2s
H  440   501                    20549.000000 28772.1667  40.0%   238    2s
H  444   501                    21032.000000 28772.1667  36.8%   237    2s
H  475   501                    21185.000000 28772.1667  35.8%   234    2s
H  555   603                    21223.000000 28772.1667  35.6%   232    2s
H  568   603                    21234.000000 28772.1667  35.5%   235    2s
H  572   603                    21237.000000 28772.1667  35.5%   236    2s
H  659   718                    21259.000000 28772.1667  35.3%   235    2s
H  661   718                    21517.000000 28772.1667  33.7%   235    2s
H  665   718                    21579.000000 28772.1667  33.3%   235    2s
H  674   718                    21646.000000 28772.1667  32.9%   235    2s
H  714   718                    21904.000000 28772.1667  31.4%   232    2s
H  782   838                    22228.000000 28772.1667  29.4%   227    3s
H  797   838                    22525.000000 28772.1667  27.7%   226    3s
H  869   902                    22617.000000 28772.1667  27.2%   222    3s
H  870   902                    22854.000000 28772.1667  25.9%   222    3s
H  875   902                    22883.000000 28772.1667  25.7%   221    3s
H  900   902                    22904.000000 28772.1667  25.6%   221    3s
H  983  1004                    22931.000000 28691.8333  25.1%   217    3s
H  985  1004                    23122.000000 28691.8333  24.1%   217    3s
H  988  1004                    23144.000000 28691.8333  24.0%   217    3s
H  990  1004                    23191.000000 28691.8333  23.7%   217    3s
H  996  1004                    23390.000000 28691.8333  22.7%   217    3s
H 1122  1101                    23450.000000 28691.8333  22.4%   214    3s
H 1128  1101                    23470.000000 28691.8333  22.2%   214    3s
H 1130  1101                    23561.000000 28691.8333  21.8%   214    3s
H 1163  1101                    23662.000000 28691.8333  21.3%   213    3s
H 1272  1198                    23773.000000 28691.8333  20.7%   210    3s
H 1285  1198                    23856.000000 28691.8333  20.3%   209    3s
H 1445  1322                    23895.000000 28532.1667  19.4%   206    4s
H 1452  1322                    23908.000000 28532.1667  19.3%   207    4s
H 1453  1322                    23935.000000 28532.1667  19.2%   207    4s
H 1591  1451                    23989.000000 28532.1667  18.9%   210    4s
H 1593  1451                    24007.000000 28532.1667  18.8%   210    4s
H 1794  1583                    24024.000000 28440.6250  18.4%   213    4s
H 2000  1826                    24038.000000 28374.3333  18.0%   217    5s
  3625  2869 24443.5000   36  250 24038.0000 28312.0000  17.8%   221   10s
  3646  2883 26780.6041   12 2400 24038.0000 26780.6041  11.4%   220   16s

Gurobi 12.0.0 (linux64) logging started Mon Feb 23 12:36:27 2026

Set parameter WLSAccessID
Set parameter WLSSecret
Set parameter LicenseID to value 2531729
Academic license 2531729 - for non-commercial use only - registered to ns___@vols.utk.edu
Set parameter OutputFlag to value 1
Read MPS format model from file Initial_problem_set/Test_prob_12.mps
Reading time = 0.00 seconds
obj: 80 rows, 316 columns, 395 nonzeros
Gurobi Optimizer version 12.0.0 build v12.0.0rc1 (linux64 - "Ubuntu 22.04.5 LTS")

CPU model: AMD Ryzen Threadripper PRO 5975WX 32-Cores, instruction set [SSE2|AVX|AVX2]
Thread count: 32 physical cores, 64 logical processors, using up to 32 threads

Academic license 2531729 - for non-commercial use only - registered to ns___@vols.utk.edu
Optimize a model with 80 rows, 316 columns and 395 nonzeros
Model fingerprint: 0x7444b87b
Model has 2241 quadratic objective terms
Variable types: 0 continuous, 316 integer (316 binary)
Coefficient statistics:
  Matrix range     [1e+00, 1e+00]
  Objective range  [0e+00, 0e+00]
  QObjective range [2e-01, 2e+00]
  Bounds range     [1e+00, 1e+00]
  RHS range        [1e+00, 1e+00]
Found heuristic solution: objective 166.1500000
Presolve removed 14 rows and 118 columns
Presolve time: 0.08s
Presolved: 2100 rows, 2232 columns, 6300 nonzeros
Found heuristic solution: objective 154.0070000
Variable types: 0 continuous, 2232 integer (2232 binary)

Root relaxation: objective 9.207000e+00, 133 iterations, 0.00 seconds (0.00 work units)

    Nodes    |    Current Node    |     Objective Bounds      |     Work
 Expl Unexpl |  Obj  Depth IntInf | Incumbent    BestBd   Gap | It/Node Time

     0     0    9.20700    0  132  154.00700    9.20700  94.0%     -    0s
H    0     0                     103.5440000    9.20700  91.1%     -    0s
H    0     0                      81.0160000    9.20700  88.6%     -    0s
     0     0   37.25417    0  418   81.01600   37.25417  54.0%     -    0s
     0     0   41.73675    0  445   81.01600   41.73675  48.5%     -    0s
     0     0   44.10450    0  443   81.01600   44.10450  45.6%     -    0s
     0     0   44.17050    0  446   81.01600   44.17050  45.5%     -    0s
     0     0   66.43408    0  745   81.01600   66.43408  18.0%     -    0s
     0     0   66.53175    0  668   81.01600   66.53175  17.9%     -    0s
     0     2   66.67608    0  662   81.01600   66.67608  17.7%     -    0s
H  416   447                      80.9400000   71.20200  12.0%   121    0s
H  417   447                      80.9150000   71.20200  12.0%   121    0s
H  444   447                      80.8200000   71.20200  11.9%   118    0s
H 2053  1653                      80.3860000   71.70760  10.8%  70.9    1s
H 2562  1975                      80.3730000   71.82122  10.6%  67.1    1s
H 2605  1987                      80.2420000   71.82122  10.5%  66.9    1s
* 4261  2791              14      79.9300000   79.93000  0.00%  61.4    4s

Cutting planes:
  Gomory: 52
  Lift-and-project: 1
  Cover: 1
  Dual implied bound: 1
  MIR: 2
  Flow cover: 24
  Inf proof: 3
  Zero half: 78
  RLT: 1227
  BQP: 556

Explored 4261 nodes (285702 simplex iterations) in 4.63 seconds (6.62 work units)
Thread count was 32 (of 64 available processors)

Solution count 10: 79.93 80.242 80.373 ... 154.007

Optimal solution found (tolerance 1.00e-04)
Best objective 7.993000000000e+01, best bound 7.993000000000e+01, gap 0.0000%

Gurobi 12.0.0 (linux64) logging started Mon Feb 23 12:37:33 2026

Set parameter WLSAccessID
Set parameter WLSSecret
Set parameter LicenseID to value 2531729
Academic license 2531729 - for non-commercial use only - registered to ns___@vols.utk.edu
Set parameter OutputFlag to value 1
Read MPS format model from file Initial_problem_set/Test_prob_4.mps
Reading time = 0.00 seconds
obj: 40 rows, 120 columns, 120 nonzeros
Gurobi Optimizer version 12.0.0 build v12.0.0rc1 (linux64 - "Ubuntu 22.04.5 LTS")

CPU model: AMD Ryzen Threadripper PRO 5975WX 32-Cores, instruction set [SSE2|AVX|AVX2]
Thread count: 32 physical cores, 64 logical processors, using up to 32 threads

Academic license 2531729 - for non-commercial use only - registered to ns___@vols.utk.edu
Optimize a model with 40 rows, 120 columns and 120 nonzeros
Model fingerprint: 0xd2183856
Model has 2340 quadratic objective terms
Variable types: 0 continuous, 120 integer (120 binary)
Coefficient statistics:
  Matrix range     [1e+00, 1e+00]
  Objective range  [0e+00, 0e+00]
  QObjective range [2e+00, 8e+01]
  Bounds range     [1e+00, 1e+00]
  RHS range        [1e+00, 1e+00]
Found heuristic solution: objective 10660.000000
Presolve time: 0.01s
Presolved: 2380 rows, 2460 columns, 7140 nonzeros
Variable types: 0 continuous, 2460 integer (2460 binary)

Root relaxation: objective 0.000000e+00, 80 iterations, 0.00 seconds (0.00 work units)

    Nodes    |    Current Node    |     Objective Bounds      |     Work
 Expl Unexpl |  Obj  Depth IntInf | Incumbent    BestBd   Gap | It/Node Time

     0     0    0.00000    0   80 10660.0000    0.00000   100%     -    0s
H    0     0                    3415.0000000    0.00000   100%     -    0s
H    0     0                    1183.0000000    0.00000   100%     -    0s
     0     0   62.00000    0  120 1183.00000   62.00000  94.8%     -    0s
     0     0  106.00000    0   94 1183.00000  106.00000  91.0%     -    0s
     0     0  307.11456    0  235 1183.00000  307.11456  74.0%     -    0s
     0     0  344.00000    0  175 1183.00000  344.00000  70.9%     -    0s
     0     0  350.50000    0  183 1183.00000  350.50000  70.4%     -    0s
     0     0  426.91667    0  237 1183.00000  426.91667  63.9%     -    0s
     0     0  426.96949    0  234 1183.00000  426.96949  63.9%     -    0s
     0     2  429.28164    0  234 1183.00000  429.28164  63.7%     -    1s

Cutting planes:
  Cover: 4
  Dual implied bound: 56
  MIR: 291
  Zero half: 192
  RLT: 668
  BQP: 92

Explored 756 nodes (343055 simplex iterations) in 4.27 seconds (9.52 work units)
Thread count was 32 (of 64 available processors)

Solution count 3: 1183 3415 10660 

Optimal solution found (tolerance 1.00e-04)
Best objective 1.183000000000e+03, best bound 1.183000000000e+03, gap 0.0000%

Gurobi 12.0.0 (linux64) logging started Mon Feb 23 12:38:29 2026

Set parameter WLSAccessID
Set parameter WLSSecret
Set parameter LicenseID to value 2531729
Academic license 2531729 - for non-commercial use only - registered to ns___@vols.utk.edu
Set parameter OutputFlag to value 1
Read MPS format model from file Initial_problem_set/Test_prob_1.mps
Reading time = 0.00 seconds
obj: 0 rows, 231 columns, 0 nonzeros
Warning: parameter changes on this environment will not affect existing models.
Set parameter TimeLimit to value 10000
Gurobi Optimizer version 12.0.0 build v12.0.0rc1 (linux64 - "Ubuntu 22.04.5 LTS")

CPU model: AMD Ryzen Threadripper PRO 5975WX 32-Cores, instruction set [SSE2|AVX|AVX2]
Thread count: 32 physical cores, 64 logical processors, using up to 32 threads

Academic license 2531729 - for non-commercial use only - registered to ns___@vols.utk.edu
Optimize a model with 0 rows, 231 columns and 0 nonzeros
Model fingerprint: 0xe9256d5b
Model has 440 quadratic objective terms
Variable types: 0 continuous, 231 integer (231 binary)
Coefficient statistics:
  Matrix range     [0e+00, 0e+00]
  Objective range  [2e+00, 4e+00]
  QObjective range [4e+00, 4e+00]
  Bounds range     [1e+00, 1e+00]
  RHS range        [0e+00, 0e+00]
Found heuristic solution: objective -0.0000000
Found heuristic solution: objective 234.0000000
Presolve removed 0 rows and 22 columns
Presolve time: 0.02s
Presolved: 414 rows, 623 columns, 1242 nonzeros
Variable types: 0 continuous, 623 integer (623 binary)

Root relaxation: objective 2.960000e+02, 288 iterations, 0.00 seconds (0.00 work units)

    Nodes    |    Current Node    |     Objective Bounds      |     Work
 Expl Unexpl |  Obj  Depth IntInf | Incumbent    BestBd   Gap | It/Node Time

     0     0  296.00000    0  208  234.00000  296.00000  26.5%     -    0s
     0     0  275.00000    0  224  234.00000  275.00000  17.5%     -    0s
     0     0  265.75000    0  255  234.00000  265.75000  13.6%     -    0s
     0     0  265.75000    0  253  234.00000  265.75000  13.6%     -    0s
     0     2  265.75000    0  253  234.00000  265.75000  13.6%     -    0s

Cutting planes:
  Gomory: 32
  Cover: 1
  MIR: 1
  Flow cover: 1
  Zero half: 204
  RLT: 1

Explored 4137 nodes (192443 simplex iterations) in 1.39 seconds (1.90 work units)
Thread count was 32 (of 64 available processors)

Solution count 2: 234 -0 

Optimal solution found (tolerance 1.00e-04)
Best objective 2.340000000000e+02, best bound 2.340000000000e+02, gap 0.0000%

Gurobi 12.0.0 (linux64) logging started Mon Feb 23 12:41:57 2026

Set parameter WLSAccessID
Set parameter WLSSecret
Set parameter LicenseID to value 2531729
Academic license 2531729 - for non-commercial use only - registered to ns___@vols.utk.edu
Set parameter OutputFlag to value 1
Read MPS format model from file Initial_problem_set/Test_prob_1.mps
Reading time = 0.00 seconds
obj: 0 rows, 231 columns, 0 nonzeros
Warning: parameter changes on this environment will not affect existing models.
Set parameter TimeLimit to value 3600
Gurobi Optimizer version 12.0.0 build v12.0.0rc1 (linux64 - "Ubuntu 22.04.5 LTS")

CPU model: AMD Ryzen Threadripper PRO 5975WX 32-Cores, instruction set [SSE2|AVX|AVX2]
Thread count: 32 physical cores, 64 logical processors, using up to 32 threads

Academic license 2531729 - for non-commercial use only - registered to ns___@vols.utk.edu
Optimize a model with 0 rows, 231 columns and 0 nonzeros
Model fingerprint: 0xe9256d5b
Model has 440 quadratic objective terms
Variable types: 0 continuous, 231 integer (231 binary)
Coefficient statistics:
  Matrix range     [0e+00, 0e+00]
  Objective range  [2e+00, 4e+00]
  QObjective range [4e+00, 4e+00]
  Bounds range     [1e+00, 1e+00]
  RHS range        [0e+00, 0e+00]
Found heuristic solution: objective -0.0000000
Found heuristic solution: objective 234.0000000
Presolve removed 0 rows and 22 columns
Presolve time: 0.02s
Presolved: 414 rows, 623 columns, 1242 nonzeros
Variable types: 0 continuous, 623 integer (623 binary)

Root relaxation: objective 2.960000e+02, 288 iterations, 0.00 seconds (0.00 work units)

    Nodes    |    Current Node    |     Objective Bounds      |     Work
 Expl Unexpl |  Obj  Depth IntInf | Incumbent    BestBd   Gap | It/Node Time

     0     0  296.00000    0  208  234.00000  296.00000  26.5%     -    0s
     0     0  275.00000    0  224  234.00000  275.00000  17.5%     -    0s
     0     0  265.75000    0  255  234.00000  265.75000  13.6%     -    0s
     0     0  265.75000    0  253  234.00000  265.75000  13.6%     -    0s
     0     2  265.75000    0  253  234.00000  265.75000  13.6%     -    0s

Cutting planes:
  Gomory: 32
  Cover: 1
  MIR: 1
  Flow cover: 1
  Zero half: 204
  RLT: 1

Explored 4137 nodes (192443 simplex iterations) in 1.49 seconds (1.90 work units)
Thread count was 32 (of 64 available processors)

Solution count 2: 234 -0 

Optimal solution found (tolerance 1.00e-04)
Best objective 2.340000000000e+02, best bound 2.340000000000e+02, gap 0.0000%

Gurobi 12.0.0 (linux64) logging started Mon Feb 23 12:57:11 2026

Set parameter WLSAccessID
Set parameter WLSSecret
Set parameter LicenseID to value 2531729
Academic license 2531729 - for non-commercial use only - registered to ns___@vols.utk.edu
Set parameter OutputFlag to value 1
Read MPS format model from file Initial_problem_set/Test_prob_4.mps
Reading time = 0.00 seconds
obj: 40 rows, 120 columns, 120 nonzeros
Warning: parameter changes on this environment will not affect existing models.
Set parameter TimeLimit to value 3600
Gurobi Optimizer version 12.0.0 build v12.0.0rc1 (linux64 - "Ubuntu 22.04.5 LTS")

CPU model: AMD Ryzen Threadripper PRO 5975WX 32-Cores, instruction set [SSE2|AVX|AVX2]
Thread count: 32 physical cores, 64 logical processors, using up to 32 threads

Academic license 2531729 - for non-commercial use only - registered to ns___@vols.utk.edu
Optimize a model with 40 rows, 120 columns and 120 nonzeros
Model fingerprint: 0xd2183856
Model has 2340 quadratic objective terms
Variable types: 0 continuous, 120 integer (120 binary)
Coefficient statistics:
  Matrix range     [1e+00, 1e+00]
  Objective range  [0e+00, 0e+00]
  QObjective range [2e+00, 8e+01]
  Bounds range     [1e+00, 1e+00]
  RHS range        [1e+00, 1e+00]
Found heuristic solution: objective 10660.000000
Presolve time: 0.01s
Presolved: 2380 rows, 2460 columns, 7140 nonzeros
Variable types: 0 continuous, 2460 integer (2460 binary)

Root relaxation: objective 0.000000e+00, 80 iterations, 0.00 seconds (0.00 work units)

    Nodes    |    Current Node    |     Objective Bounds      |     Work
 Expl Unexpl |  Obj  Depth IntInf | Incumbent    BestBd   Gap | It/Node Time

     0     0    0.00000    0   80 10660.0000    0.00000   100%     -    0s
H    0     0                    3415.0000000    0.00000   100%     -    0s
H    0     0                    1183.0000000    0.00000   100%     -    0s
     0     0   62.00000    0  120 1183.00000   62.00000  94.8%     -    0s
     0     0  106.00000    0   94 1183.00000  106.00000  91.0%     -    0s
     0     0  307.11456    0  235 1183.00000  307.11456  74.0%     -    0s
     0     0  344.00000    0  175 1183.00000  344.00000  70.9%     -    0s
     0     0  350.50000    0  183 1183.00000  350.50000  70.4%     -    0s
     0     0  426.91667    0  237 1183.00000  426.91667  63.9%     -    0s
     0     0  426.96949    0  234 1183.00000  426.96949  63.9%     -    0s
     0     2  429.28164    0  234 1183.00000  429.28164  63.7%     -    1s

Cutting planes:
  Cover: 4
  Dual implied bound: 56
  MIR: 291
  Zero half: 192
  RLT: 668
  BQP: 92

Explored 756 nodes (343055 simplex iterations) in 4.22 seconds (9.52 work units)
Thread count was 32 (of 64 available processors)

Solution count 3: 1183 3415 10660 

Optimal solution found (tolerance 1.00e-04)
Best objective 1.183000000000e+03, best bound 1.183000000000e+03, gap 0.0000%

Gurobi 12.0.0 (linux64) logging started Mon Feb 23 12:57:27 2026

Set parameter WLSAccessID
Set parameter WLSSecret
Set parameter LicenseID to value 2531729
Academic license 2531729 - for non-commercial use only - registered to ns___@vols.utk.edu
Set parameter OutputFlag to value 1
Read MPS format model from file Initial_problem_set/Test_prob_12.mps
Reading time = 0.00 seconds
obj: 80 rows, 316 columns, 395 nonzeros
Warning: parameter changes on this environment will not affect existing models.
Set parameter TimeLimit to value 3600
Gurobi Optimizer version 12.0.0 build v12.0.0rc1 (linux64 - "Ubuntu 22.04.5 LTS")

CPU model: AMD Ryzen Threadripper PRO 5975WX 32-Cores, instruction set [SSE2|AVX|AVX2]
Thread count: 32 physical cores, 64 logical processors, using up to 32 threads

Academic license 2531729 - for non-commercial use only - registered to ns___@vols.utk.edu
Optimize a model with 80 rows, 316 columns and 395 nonzeros
Model fingerprint: 0x7444b87b
Model has 2241 quadratic objective terms
Variable types: 0 continuous, 316 integer (316 binary)
Coefficient statistics:
  Matrix range     [1e+00, 1e+00]
  Objective range  [0e+00, 0e+00]
  QObjective range [2e-01, 2e+00]
  Bounds range     [1e+00, 1e+00]
  RHS range        [1e+00, 1e+00]
Found heuristic solution: objective 166.1500000
Presolve removed 14 rows and 118 columns
Presolve time: 0.08s
Presolved: 2100 rows, 2232 columns, 6300 nonzeros
Found heuristic solution: objective 154.0070000
Variable types: 0 continuous, 2232 integer (2232 binary)

Root relaxation: objective 9.207000e+00, 133 iterations, 0.00 seconds (0.00 work units)

    Nodes    |    Current Node    |     Objective Bounds      |     Work
 Expl Unexpl |  Obj  Depth IntInf | Incumbent    BestBd   Gap | It/Node Time

     0     0    9.20700    0  132  154.00700    9.20700  94.0%     -    0s
H    0     0                     103.5440000    9.20700  91.1%     -    0s
H    0     0                      81.0160000    9.20700  88.6%     -    0s
     0     0   37.25417    0  418   81.01600   37.25417  54.0%     -    0s
     0     0   41.73675    0  445   81.01600   41.73675  48.5%     -    0s
     0     0   44.10450    0  443   81.01600   44.10450  45.6%     -    0s
     0     0   44.17050    0  446   81.01600   44.17050  45.5%     -    0s
     0     0   66.43408    0  745   81.01600   66.43408  18.0%     -    0s
     0     0   66.53175    0  668   81.01600   66.53175  17.9%     -    0s
     0     2   66.67608    0  662   81.01600   66.67608  17.7%     -    0s
H  416   447                      80.9400000   71.20200  12.0%   121    0s
H  417   447                      80.9150000   71.20200  12.0%   121    0s
H  444   447                      80.8200000   71.20200  11.9%   118    0s
H 2053  1653                      80.3860000   71.70760  10.8%  70.9    1s
H 2562  1975                      80.3730000   71.82122  10.6%  67.1    1s
H 2605  1987                      80.2420000   71.82122  10.5%  66.9    1s
* 4261  2791              14      79.9300000   79.93000  0.00%  61.4    4s

Cutting planes:
  Gomory: 52
  Lift-and-project: 1
  Cover: 1
  Dual implied bound: 1
  MIR: 2
  Flow cover: 24
  Inf proof: 3
  Zero half: 78
  RLT: 1227
  BQP: 556

Explored 4261 nodes (285702 simplex iterations) in 4.37 seconds (6.62 work units)
Thread count was 32 (of 64 available processors)

Solution count 10: 79.93 80.242 80.373 ... 154.007

Optimal solution found (tolerance 1.00e-04)
Best objective 7.993000000000e+01, best bound 7.993000000000e+01, gap 0.0000%

Gurobi 12.0.0 (linux64) logging started Mon Feb 23 12:57:44 2026

Set parameter WLSAccessID
Set parameter WLSSecret
Set parameter LicenseID to value 2531729
Academic license 2531729 - for non-commercial use only - registered to ns___@vols.utk.edu
Set parameter OutputFlag to value 1
Read MPS format model from file Initial_problem_set/Test_prob_13.mps
Reading time = 0.01 seconds
obj: 6001 rows, 10000 columns, 18000 nonzeros
Warning: parameter changes on this environment will not affect existing models.
Set parameter TimeLimit to value 3600
Gurobi Optimizer version 12.0.0 build v12.0.0rc1 (linux64 - "Ubuntu 22.04.5 LTS")

CPU model: AMD Ryzen Threadripper PRO 5975WX 32-Cores, instruction set [SSE2|AVX|AVX2]
Thread count: 32 physical cores, 64 logical processors, using up to 32 threads

Academic license 2531729 - for non-commercial use only - registered to ns___@vols.utk.edu
Optimize a model with 6001 rows, 10000 columns and 18000 nonzeros
Model fingerprint: 0x1565b8de
Model has 2000 quadratic constraints
Variable types: 8000 continuous, 2000 integer (2000 binary)
Coefficient statistics:
  Matrix range     [5e-01, 1e+00]
  QMatrix range    [1e+00, 2e+04]
  Objective range  [1e+00, 2e+03]
  Bounds range     [1e+00, 1e+00]
  RHS range        [1e+00, 1e+00]
Presolve removed 4000 rows and 4000 columns
Presolve time: 0.02s
Presolved: 2001 rows, 6000 columns, 6000 nonzeros
Presolved model has 2000 quadratic constraint(s)
Variable types: 4000 continuous, 2000 integer (2000 binary)

Root relaxation: objective 6.580000e+02, 2000 iterations, 0.07 seconds (0.27 work units)

    Nodes    |    Current Node    |     Objective Bounds      |     Work
 Expl Unexpl |  Obj  Depth IntInf | Incumbent    BestBd   Gap | It/Node Time

H    0     0                    20645.000000  658.00000  96.8%     -    0s
*    0     0               0    20645.000000  658.00000  96.8%     -    0s
     0     0  658.00000    0    - 20645.0000  658.00000  96.8%     -    0s
     0     0  658.00000    0    - 20645.0000  658.00000  96.8%     -    0s
     0     0  658.00000    0    - 20645.0000  658.00000  96.8%     -    0s
     0     0  658.00000    0    - 20645.0000  658.00000  96.8%     -    0s
     0     0  658.00000    0    - 20645.0000  658.00000  96.8%     -    0s
     0     0  658.00000    0    - 20645.0000  658.00000  96.8%     -    0s
     0     0  658.00000    0    - 20645.0000  658.00000  96.8%     -    0s
     0     0  658.00000    0    - 20645.0000  658.00000  96.8%     -    0s
     0     0  658.00000    0    - 20645.0000  658.00000  96.8%     -    0s
     0     0  658.00000    0    - 20645.0000  658.00000  96.8%     -    0s
     0     0  658.00000    0    - 20645.0000  658.00000  96.8%     -    0s
     0     0  658.00000    0    - 20645.0000  658.00000  96.8%     -    0s
     0     0  658.00000    0    - 20645.0000  658.00000  96.8%     -    0s
     0     0  658.00000    0    - 20645.0000  658.00000  96.8%     -    0s
     0     0  658.00000    0    - 20645.0000  658.00000  96.8%     -    0s
     0     0  658.00000    0    - 20645.0000  658.00000  96.8%     -    0s
     0     0  658.00000    0    - 20645.0000  658.00000  96.8%     -    0s
     0     0  658.00000    0    - 20645.0000  658.00000  96.8%     -    0s
     0     0  658.00000    0    - 20645.0000  658.00000  96.8%     -    0s
     0     0  658.00000    0    - 20645.0000  658.00000  96.8%     -    0s
     0     0  658.00000    0    - 20645.0000  658.00000  96.8%     -    0s
     0     0  658.00000    0    - 20645.0000  658.00000  96.8%     -    0s
     0     0  658.00000    0    - 20645.0000  658.00000  96.8%     -    0s
     0     0  658.00000    0    - 20645.0000  658.00000  96.8%     -    0s
     0     0  658.00000    0    - 20645.0000  658.00000  96.8%     -    0s
     0     0  658.00000    0    - 20645.0000  658.00000  96.8%     -    0s
     0     0  658.00000    0    - 20645.0000  658.00000  96.8%     -    0s
     0     0  658.00000    0    - 20645.0000  658.00000  96.8%     -    0s
     0     0  658.00000    0    - 20645.0000  658.00000  96.8%     -    0s
     0     0  658.00000    0    - 20645.0000  658.00000  96.8%     -    0s
     0     0  658.00000    0    - 20645.0000  658.00000  96.8%     -    0s
     0     0  658.00000    0    - 20645.0000  658.00000  96.8%     -    0s
     0     0  658.00000    0    - 20645.0000  658.00000  96.8%     -    0s
     0     0  658.00000    0    - 20645.0000  658.00000  96.8%     -    0s
     0     0  658.00000    0    - 20645.0000  658.00000  96.8%     -    0s
     0     0  658.00000    0    - 20645.0000  658.00000  96.8%     -    0s
     0     0  658.00000    0    - 20645.0000  658.00000  96.8%     -    0s
     0     0  658.00000    0    - 20645.0000  658.00000  96.8%     -    0s
     0     0  658.00000    0    - 20645.0000  658.00000  96.8%     -    0s
     0     0  658.00000    0    - 20645.0000  658.00000  96.8%     -    0s
     0     0  658.00000    0    - 20645.0000  658.00000  96.8%     -    0s
     0     0  658.00000    0    - 20645.0000  658.00000  96.8%     -    0s
     0     0  658.00000    0    - 20645.0000  658.00000  96.8%     -    0s
     0     0  658.00000    0    - 20645.0000  658.00000  96.8%     -    0s
     0     0  658.00000    0    - 20645.0000  658.00000  96.8%     -    0s
     0     0  658.00000    0    - 20645.0000  658.00000  96.8%     -    0s
     0     0  658.00000    0    - 20645.0000  658.00000  96.8%     -    0s
     0     0  658.00000    0    - 20645.0000  658.00000  96.8%     -    0s
     0     0  658.00000    0    - 20645.0000  658.00000  96.8%     -    0s
     0     0  658.00000    0    - 20645.0000  658.00000  96.8%     -    0s
*    0     0               0    2639.0000153 2639.00002  0.00%     -    0s
     0     0          -    0      2639.00002 2639.00002  0.00%     -    0s

Explored 1 nodes (2051 simplex iterations) in 0.28 seconds (0.55 work units)
Thread count was 32 (of 64 available processors)

Solution count 2: 2639 20645 
No other solutions better than 2639

Optimal solution found (tolerance 1.00e-04)
Best objective 2.639000005877e+03, best bound 2.639000005877e+03, gap 0.0000%

Gurobi 12.0.0 (linux64) logging started Mon Feb 23 16:02:23 2026

Set parameter WLSAccessID
Set parameter WLSSecret
Set parameter LicenseID to value 2531729
Academic license 2531729 - for non-commercial use only - registered to ns___@vols.utk.edu
Set parameter OutputFlag to value 1
Read MPS format model from file Initial_problem_set/Test_prob_15.mps
Reading time = 0.00 seconds
obj: 1 rows, 250 columns, 250 nonzeros
Warning: parameter changes on this environment will not affect existing models.
Set parameter TimeLimit to value 3600
Gurobi Optimizer version 12.0.0 build v12.0.0rc1 (linux64 - "Ubuntu 22.04.5 LTS")

CPU model: AMD Ryzen Threadripper PRO 5975WX 32-Cores, instruction set [SSE2|AVX|AVX2]
Thread count: 32 physical cores, 64 logical processors, using up to 32 threads

Academic license 2531729 - for non-commercial use only - registered to ns___@vols.utk.edu
Optimize a model with 1 rows, 250 columns and 250 nonzeros
Model fingerprint: 0xa78ca6a0
Model has 3134 quadratic objective terms
Variable types: 0 continuous, 250 integer (250 binary)
Coefficient statistics:
  Matrix range     [1e+00, 1e+00]
  Objective range  [0e+00, 0e+00]
  QObjective range [2e+00, 2e+02]
  Bounds range     [1e+00, 1e+00]
  RHS range        [1e+00, 1e+00]
Found heuristic solution: objective 2375.0000000
Presolve time: 0.14s
Presolved: 3115 rows, 3364 columns, 9592 nonzeros
Variable types: 0 continuous, 3364 integer (3364 binary)

Root relaxation: objective 4.000750e+04, 640 iterations, 0.01 seconds (0.02 work units)

    Nodes    |    Current Node    |     Objective Bounds      |     Work
 Expl Unexpl |  Obj  Depth IntInf | Incumbent    BestBd   Gap | It/Node Time

     0     0 40007.5000    0  250 2375.00000 40007.5000  1585%     -    0s
H    0     0                    3835.0000000 40007.5000   943%     -    0s
H    0     0                    4161.0000000 40007.5000   861%     -    0s
H    0     0                    5161.0000000 40007.5000   675%     -    0s
H    0     0                    6495.0000000 40007.5000   516%     -    0s
H    0     0                    6851.0000000 40007.5000   484%     -    0s
H    0     0                    7578.0000000 31286.5000   313%     -    0s
H    0     0                    7630.0000000 31286.5000   310%     -    0s
H    0     0                    8985.0000000 31286.5000   248%     -    0s
H    0     0                    9312.0000000 31286.5000   236%     -    0s
     0     0 31286.5000    0  866 9312.00000 31286.5000   236%     -    0s
H    0     0                    10663.000000 30486.0000   186%     -    0s
H    0     0                    10738.000000 30486.0000   184%     -    0s
     0     0 30486.0000    0  924 10738.0000 30486.0000   184%     -    0s
     0     0 30448.0000    0  925 10738.0000 30448.0000   184%     -    0s
H    0     0                    12117.000000 29496.0000   143%     -    0s
H    0     0                    12197.000000 29496.0000   142%     -    0s
H    0     0                    12477.000000 29496.0000   136%     -    0s
H    0     0                    13502.000000 29496.0000   118%     -    0s
H    0     0                    13551.000000 29496.0000   118%     -    0s
H    0     0                    13557.000000 29496.0000   118%     -    0s
H    0     0                    13665.000000 29496.0000   116%     -    0s
     0     0 29496.0000    0 1020 13665.0000 29496.0000   116%     -    1s
     0     0 29496.0000    0 1020 13665.0000 29496.0000   116%     -    1s
H    0     2                    14109.000000 29495.5000   109%     -    1s
     0     2 29495.5000    0 1020 14109.0000 29495.5000   109%     -    1s
H    7    16                    15021.000000 29243.6389  94.7%   257    1s
H   31    64                    15514.000000 28994.0000  86.9%   314    1s
H   33    64                    16840.000000 28994.0000  72.2%   310    1s
H   95   151                    17641.000000 28772.1667  63.1%   300    1s
H  125   151                    18287.000000 28772.1667  57.3%   286    1s
H  150   209                    18300.000000 28772.1667  57.2%   274    1s
H  220   246                    18668.000000 28772.1667  54.1%   264    2s
H  316   382                    18679.000000 28772.1667  54.0%   250    2s
H  318   382                    18772.000000 28772.1667  53.3%   249    2s
H  320   382                    19525.000000 28772.1667  47.4%   249    2s
H  337   382                    20000.000000 28772.1667  43.9%   246    2s
H  344   382                    20062.000000 28772.1667  43.4%   245    2s
H  381   441                    20072.000000 28772.1667  43.3%   238    2s
H  440   501                    20549.000000 28772.1667  40.0%   238    2s
H  444   501                    21032.000000 28772.1667  36.8%   237    2s
H  475   501                    21185.000000 28772.1667  35.8%   234    2s
H  555   603                    21223.000000 28772.1667  35.6%   232    2s
H  568   603                    21234.000000 28772.1667  35.5%   235    2s
H  572   603                    21237.000000 28772.1667  35.5%   236    2s
H  659   718                    21259.000000 28772.1667  35.3%   235    2s
H  661   718                    21517.000000 28772.1667  33.7%   235    2s
H  665   718                    21579.000000 28772.1667  33.3%   235    2s
H  674   718                    21646.000000 28772.1667  32.9%   235    2s
H  714   718                    21904.000000 28772.1667  31.4%   232    2s
H  782   838                    22228.000000 28772.1667  29.4%   227    2s
H  797   838                    22525.000000 28772.1667  27.7%   226    2s
H  869   902                    22617.000000 28772.1667  27.2%   222    3s
H  870   902                    22854.000000 28772.1667  25.9%   222    3s
H  875   902                    22883.000000 28772.1667  25.7%   221    3s
H  900   902                    22904.000000 28772.1667  25.6%   221    3s
H  983  1004                    22931.000000 28691.8333  25.1%   217    3s
H  985  1004                    23122.000000 28691.8333  24.1%   217    3s
H  988  1004                    23144.000000 28691.8333  24.0%   217    3s
H  990  1004                    23191.000000 28691.8333  23.7%   217    3s
H  996  1004                    23390.000000 28691.8333  22.7%   217    3s
H 1122  1101                    23450.000000 28691.8333  22.4%   214    3s
H 1128  1101                    23470.000000 28691.8333  22.2%   214    3s
H 1130  1101                    23561.000000 28691.8333  21.8%   214    3s
H 1163  1101                    23662.000000 28691.8333  21.3%   213    3s
H 1272  1198                    23773.000000 28691.8333  20.7%   210    3s
H 1285  1198                    23856.000000 28691.8333  20.3%   209    3s
H 1445  1322                    23895.000000 28532.1667  19.4%   206    3s
H 1452  1322                    23908.000000 28532.1667  19.3%   207    3s
H 1453  1322                    23935.000000 28532.1667  19.2%   207    3s
H 1591  1451                    23989.000000 28532.1667  18.9%   210    4s
H 1593  1451                    24007.000000 28532.1667  18.8%   210    4s
H 1794  1583                    24024.000000 28440.6250  18.4%   213    4s
H 2000  1826                    24038.000000 28374.3333  18.0%   217    4s
  2100  1921     cutoff   32      24038.0000 28371.7083  18.0%   217    5s
  3626  2870 25551.5833   19  866 24038.0000 28312.0000  17.8%   221   10s
  3646  2883 26780.6041   12 2400 24038.0000 26780.6041  11.4%   220   15s
  3659  2892 26217.6169   14 2494 24038.0000 26217.6169  9.07%   219   20s
  3683  2908 24229.0000   31 2514 24038.0000 25984.1715  8.10%   218   25s
  3707  2924 25799.1248   12 2526 24038.0000 25799.1248  7.33%   217   30s
  3721  2933 25221.3333   24 2531 24038.0000 25766.9366  7.19%   216   35s
  3728  2947 25281.3206   14 2417 24038.0000 25586.4169  6.44%   246   40s
  3859  3090 24613.7727   19 2285 24038.0000 25344.6237  5.44%   360   45s
  4251  3192 24113.7290   23 2221 24038.0000 25344.6237  5.44%   454   50s
  4454  3202 24126.5373   26 2240 24038.0000 25210.3546  4.88%   508   55s
H 4502  3040                    24041.000000 25192.2638  4.79%   526   56s
H 4690  2906                    24071.000000 25147.6529  4.47%   567   59s
  4734  2935 24817.6492   21 2333 24071.0000 25147.6529  4.47%   581   60s
  5212  3065 24303.9265   29 2217 24071.0000 25099.6809  4.27%   636   65s
  5769  3155 24657.7041   21 2304 24071.0000 25059.2286  4.11%   698   70s
  6088  3162     cutoff   32      24071.0000 25051.8984  4.08%   736   80s
  6128  3171     cutoff   31      24071.0000 24993.9399  3.83%   739   89s
  6182  3196 24788.4457   20 2369 24071.0000 24993.9399  3.83%   743   91s
  6350  3231 24546.1307   23 2313 24071.0000 24966.1883  3.72%   755   96s
  6489  3227 24790.6522   19 2357 24071.0000 24966.1883  3.72%   763  100s
  6792  3282 24509.9532   20 2337 24071.0000 24962.9358  3.71%   783  106s
  7106  3254 24087.1911   24 2259 24071.0000 24918.5629  3.52%   795  110s
  7554  3351     cutoff   36      24071.0000 24893.2940  3.42%   811  117s
  7824  3379 24110.7349   30 2251 24071.0000 24879.1941  3.36%   827  121s
  8333  3510 24080.8082   31 2242 24071.0000 24846.5957  3.22%   846  125s
  8968  3557     cutoff   26      24071.0000 24837.3311  3.18%   861  130s
  9504  3547 24146.6284   25 2301 24071.0000 24837.3311  3.18%   876  135s
 10307  3533 24140.9563   30 2247 24071.0000 24774.4075  2.92%   894  140s
 11078  3724 24306.4629   23 2287 24071.0000 24744.7999  2.80%   916  145s
 11984  3624     cutoff   28      24071.0000 24718.7752  2.69%   930  150s
 13043  3865 24357.0897   24 2278 24071.0000 24708.7413  2.65%   935  156s
 14079  4059 24163.9070   25 2237 24071.0000 24695.4502  2.59%   946  162s
 14678  4089 24144.2347   24 2294 24071.0000 24695.4502  2.59%   945  166s
 15913  4332 24340.2093   24 2265 24071.0000 24666.0255  2.47%   953  173s
 16393  4484 24374.7309   23 2278 24071.0000 24663.3463  2.46%   958  177s
 17019  4558 24208.4241   24 2203 24071.0000 24644.2891  2.38%   964  180s
 18315  4726 24251.7474   26 2288 24071.0000 24625.6272  2.30%   978  189s
 18406  4832     cutoff   29      24071.0000 24619.0209  2.28%   980  194s
 18982  4975 24343.1559   24 2374 24071.0000 24605.6235  2.22%   986  198s
 19711  5061 24227.2632   21 2347 24071.0000 24596.4770  2.18%   993  203s
 20428  5218 24309.9150   26 2264 24071.0000 24583.7775  2.13%  1001  207s
 21217  5313 24394.0129   24 2315 24071.0000 24571.8803  2.08%  1007  212s
 21990  5468 24295.4896   26 2276 24071.0000 24564.4798  2.05%  1015  217s
 22827  5573 24179.9074   32 2235 24071.0000 24548.5200  1.98%  1022  222s
 23665  5724     cutoff   25      24071.0000 24541.4016  1.95%  1029  228s
 24571  5803     cutoff   30      24071.0000 24530.0512  1.91%  1036  233s
 25392  5885 24180.7685   20 2350 24071.0000 24521.9082  1.87%  1047  239s
 26283  5923     cutoff   27      24071.0000 24508.4783  1.82%  1055  245s
 27228  5970     cutoff   26      24071.0000 24497.3647  1.77%  1063  251s
 28229  5965     cutoff   26      24071.0000 24487.3272  1.73%  1070  257s
 29249  6020 24314.5070   21 2400 24071.0000 24480.9651  1.70%  1078  264s
 30248  5981 24076.8308   25 2223 24071.0000 24466.3013  1.64%  1086  272s
 31485  5940 24180.2429   28 2245 24071.0000 24457.1977  1.60%  1096  279s
 32539  5907     cutoff   24      24071.0000 24441.6806  1.54%  1106  287s
 33647  5841     cutoff   30      24071.0000 24432.1265  1.50%  1118  295s
 34825  5823     cutoff   30      24071.0000 24420.6601  1.45%  1129  305s
 35822  5739 24140.3227   28 2282 24071.0000 24411.6147  1.42%  1134  314s
 37150  5618     cutoff   24      24071.0000 24396.4513  1.35%  1147  324s
 38398  5481 24077.0263   27 2245 24071.0000 24383.6952  1.30%  1160  334s
 39778  5262     cutoff   29      24071.0000 24371.4122  1.25%  1174  345s
 41178  5014     cutoff   24      24071.0000 24355.6282  1.18%  1190  356s
 42624  4700     cutoff   24      24071.0000 24341.1681  1.12%  1206  367s
 44053  4302 24182.5229   24 2340 24071.0000 24325.9684  1.06%  1224  380s
 45532  3778 24093.1879   37 2036 24071.0000 24307.6444  0.98%  1241  392s
 47001  3183     cutoff   25      24071.0000 24289.2887  0.91%  1259  406s
 48553  2422     cutoff   36      24071.0000 24269.0499  0.82%  1277  420s
 50077  1510 24119.3253   37 2120 24071.0000 24244.0538  0.72%  1295  434s
 51550   402     cutoff   31      24071.0000 24205.5775  0.56%  1311  450s
 52952     0     cutoff   39      24071.0000 24124.2164  0.22%  1329  455s

Cutting planes:
  Gomory: 47
  Cover: 9
  MIR: 168
  Flow cover: 45
  Zero half: 1353
  RLT: 488
  BQP: 411

Explored 53356 nodes (71208548 simplex iterations) in 455.31 seconds (1320.11 work units)
Thread count was 32 (of 64 available processors)

Solution count 10: 24071 24041 24038 ... 23856

Optimal solution found (tolerance 1.00e-04)
Best objective 2.407100000000e+04, best bound 2.407100000000e+04, gap 0.0000%

Gurobi 12.0.0 (linux64) logging started Mon Feb 23 16:10:22 2026

Set parameter WLSAccessID
Set parameter WLSSecret
Set parameter LicenseID to value 2531729
Academic license 2531729 - for non-commercial use only - registered to ns___@vols.utk.edu
Set parameter OutputFlag to value 1
Read MPS format model from file Initial_problem_set/Test_prob_18.mps
Reading time = 0.00 seconds
obj: 3100 rows, 3030 columns, 9000 nonzeros
Warning: parameter changes on this environment will not affect existing models.
Set parameter TimeLimit to value 3600
Gurobi Optimizer version 12.0.0 build v12.0.0rc1 (linux64 - "Ubuntu 22.04.5 LTS")

CPU model: AMD Ryzen Threadripper PRO 5975WX 32-Cores, instruction set [SSE2|AVX|AVX2]
Thread count: 32 physical cores, 64 logical processors, using up to 32 threads

Academic license 2531729 - for non-commercial use only - registered to ns___@vols.utk.edu
Optimize a model with 3100 rows, 3030 columns and 9000 nonzeros
Model fingerprint: 0xa5c41058
Model has 3000 quadratic objective terms
Variable types: 3000 continuous, 30 integer (30 binary)
Coefficient statistics:
  Matrix range     [1e+00, 1e+00]
  Objective range  [3e+00, 1e+02]
  QObjective range [3e+00, 1e+02]
  Bounds range     [1e+00, 1e+00]
  RHS range        [1e+00, 1e+00]
Found heuristic solution: objective 3909.2970602
Presolve time: 0.01s
Presolved: 3100 rows, 3030 columns, 9000 nonzeros
Presolved model has 3000 quadratic objective terms
Variable types: 3000 continuous, 30 integer (30 binary)
Found heuristic solution: objective 3870.2970602

Root relaxation: objective 1.238898e+02, 5216 iterations, 0.21 seconds (0.36 work units)

    Nodes    |    Current Node    |     Objective Bounds      |     Work
 Expl Unexpl |  Obj  Depth IntInf | Incumbent    BestBd   Gap | It/Node Time

     0     0  123.88984    0   30 3870.29706  123.88984  96.8%     -    0s
H    0     0                    1532.3823479  123.88984  91.9%     -    0s
H    0     0                    1131.1374756  123.88984  89.0%     -    0s
H    0     0                    1130.9472615  123.88984  89.0%     -    0s
     0     0  124.34324    0   30 1130.94726  124.34324  89.0%     -    0s
     0     0  363.02197    0    1 1130.94726  363.02197  67.9%     -    0s
H    0     0                     366.2708396  363.02197  0.89%     -    0s
     0     0  363.02204    0    1  366.27084  363.02204  0.89%     -    0s
H    0     0                     366.2705243  363.02204  0.89%     -    0s
H    0     0                     366.2694271  363.02204  0.89%     -    0s
H    0     0                     363.3622092  363.02204  0.09%     -    0s
     0     2  363.02204    0    1  363.36221  363.02204  0.09%     -    0s
*    3     0               2     363.0938483  363.09144  0.00%   0.0    1s

Explored 5 nodes (5216 simplex iterations) in 1.36 seconds (1.38 work units)
Thread count was 32 (of 64 available processors)

Solution count 4: 363.094 1130.95 1532.38 3870.3 

Optimal solution found (tolerance 1.00e-04)
Best objective 3.630938490977e+02, best bound 3.630938483175e+02, gap 0.0000%

Gurobi 12.0.0 (linux64) logging started Mon Feb 23 17:51:57 2026

Set parameter WLSAccessID
Set parameter WLSSecret
Set parameter LicenseID to value 2531729
Academic license 2531729 - for non-commercial use only - registered to ns___@vols.utk.edu
Set parameter OutputFlag to value 1
Read MPS format model from file Initial_problem_set/Test_prob_19.mps
Reading time = 0.00 seconds
obj: 0 rows, 703 columns, 0 nonzeros
Warning: parameter changes on this environment will not affect existing models.
Set parameter TimeLimit to value 3600
Gurobi Optimizer version 12.0.0 build v12.0.0rc1 (linux64 - "Ubuntu 22.04.5 LTS")

CPU model: AMD Ryzen Threadripper PRO 5975WX 32-Cores, instruction set [SSE2|AVX|AVX2]
Thread count: 32 physical cores, 64 logical processors, using up to 32 threads

Academic license 2531729 - for non-commercial use only - registered to ns___@vols.utk.edu
Optimize a model with 0 rows, 703 columns and 0 nonzeros
Model fingerprint: 0x484aa5f4
Model has 1368 quadratic objective terms
Variable types: 0 continuous, 703 integer (703 binary)
Coefficient statistics:
  Matrix range     [0e+00, 0e+00]
  Objective range  [2e+00, 4e+00]
  QObjective range [4e+00, 4e+00]
  Bounds range     [1e+00, 1e+00]
  RHS range        [0e+00, 0e+00]
Found heuristic solution: objective -0.0000000
Found heuristic solution: objective 666.0000000
Presolve removed 0 rows and 38 columns
Presolve time: 0.07s
Presolved: 1326 rows, 1991 columns, 3978 nonzeros
Variable types: 0 continuous, 1991 integer (1991 binary)

Root relaxation: objective 8.620000e+02, 933 iterations, 0.00 seconds (0.01 work units)

    Nodes    |    Current Node    |     Objective Bounds      |     Work
 Expl Unexpl |  Obj  Depth IntInf | Incumbent    BestBd   Gap | It/Node Time

     0     0  862.00000    0  664  666.00000  862.00000  29.4%     -    0s
     0     0  819.50000    0  711  666.00000  819.50000  23.0%     -    0s
     0     0  819.50000    0  712  666.00000  819.50000  23.0%     -    0s
     0     0  786.80000    0  799  666.00000  786.80000  18.1%     -    0s
     0     0  786.80000    0  791  666.00000  786.80000  18.1%     -    0s
     0     2  786.80000    0  788  666.00000  786.80000  18.1%     -    0s
H 2315  2298                     668.0000000  780.70476  16.9%  77.8    1s
  6165  5554  720.71006   10 1276  668.00000  720.71006  7.89%  74.6    5s
  6192  5572  700.50000   55 1420  668.00000  702.38857  5.15%  74.3   10s
H 6200  5297                     670.0000000  700.86285  4.61%  74.2   12s
H 6200  5031                     672.0000000  700.86285  4.30%  74.2   12s
H 6202  4780                     674.0000000  700.62485  3.95%  74.2   13s
H 6204  4541                     676.0000000  700.60556  3.64%  74.1   13s
  6211  4546  699.71597   50 1429  676.00000  699.71597  3.51%  74.1   15s
  6229  4558  698.45303   18 1444  676.00000  698.45303  3.32%  73.9   20s
  6253  4574  697.57921   17 1427  676.00000  697.57921  3.19%  73.6   25s
  6269  4586  696.56424   18 1287  676.00000  696.56424  3.04%  93.5   30s
  6287  4598  695.27659   14 1284  676.00000  695.27659  2.85%  93.3   35s
  6382  4725  692.41497   27 1300  676.00000  694.10775  2.68%   145   40s
  7223  5286  689.11561   37 1251  676.00000  694.10775  2.68%   218   45s
* 7437  5120              79     680.0000000  694.10775  2.07%   227   45s
  8373  5566  683.16532   52 1141  680.00000  693.84218  2.04%   269   50s
  9177  5842  691.04746   32 1256  680.00000  693.56550  1.99%   306   55s
 10257  6224  682.69328   49 1148  680.00000  693.42315  1.97%   346   60s
 11166  6453  683.14641   45 1197  680.00000  693.24697  1.95%   378   65s
*11536  5596              76     682.0000000  693.24697  1.65%   388   66s
 12270  5897  691.50165   28 1323  682.00000  693.24697  1.65%   407   71s
 13071  6045     cutoff   42       682.00000  692.81594  1.59%   423   75s
 14187  6320  685.08260   37 1247  682.00000  692.65748  1.56%   447   80s
 15111  6572  686.86228   41 1209  682.00000  692.52722  1.54%   463   85s
 16715  7112  686.57853   38 1231  682.00000  692.28515  1.51%   486   91s
 17649  7298     cutoff   40       682.00000  692.20399  1.50%   495   95s
 19171  7816     cutoff   48       682.00000  691.99699  1.47%   510  102s
 20218  8288  687.08728   37 1241  682.00000  691.88627  1.45%   519  106s
 21344  8818  688.88293   33 1272  682.00000  691.77499  1.43%   529  111s
 22702  9794  685.28683   40 1225  682.00000  691.66199  1.42%   537  117s
 24193 10611  685.27767   44 1185  682.00000  691.61471  1.41%   545  122s
 24977 11062     cutoff   46       682.00000  691.50373  1.39%   549  125s
 26222 11612  684.00489   39 1237  682.00000  691.40022  1.38%   556  132s
 26954 12090  684.63115   39 1230  682.00000  691.34855  1.37%   560  135s
 28787 13039  688.74532   41 1219  682.00000  691.26659  1.36%   568  142s
 29769 13426  689.36955   31 1270  682.00000  691.25524  1.36%   572  146s
 30778 14032     cutoff   43       682.00000  691.20445  1.35%   576  150s
 32889 15057  684.85720   37 1287  682.00000  691.06173  1.33%   582  157s
 33872 15646  684.83525   40 1192  682.00000  691.02152  1.32%   584  161s
 34922 16233  684.74470   39 1237  682.00000  690.98068  1.32%   587  165s
 36135 16740  688.63508   34 1276  682.00000  690.96168  1.31%   589  170s
 38629 17944  687.63744   35 1263  682.00000  690.83377  1.30%   595  179s
 39950 18629  684.09069   43 1213  682.00000  690.80175  1.29%   598  184s
 41336 19315  684.15552   42 1199  682.00000  690.74513  1.28%   600  189s
 42760 20000     cutoff   40       682.00000  690.69724  1.28%   603  194s
 44236 20946  687.79966   35 1272  682.00000  690.63729  1.27%   605  200s
 45866 21865  685.15262   39 1231  682.00000  690.55339  1.25%   607  206s
 47378 22587  687.62578   35 1239  682.00000  690.53653  1.25%   609  212s
 49092 23322  688.01949   33 1280  682.00000  690.48695  1.24%   611  218s
 50622 23791  686.52176   37 1259  682.00000  690.44852  1.24%   613  225s
 52550 24480  685.01174   41 1203  682.00000  690.41371  1.23%   614  231s
 54431 25575     cutoff   41       682.00000  690.35992  1.23%   617  238s
 56401 26553  685.77459   38 1253  682.00000  690.31415  1.22%   619  245s
 58461 27347  685.69042   41 1212  682.00000  690.26850  1.21%   621  253s
 60513 27348  687.03347   38  663  682.00000  690.20254  1.20%   623  266s
 60519 27352  687.65462   37 1287  682.00000  690.20254  1.20%   623  270s
 60530 27359  684.85952   43 1285  682.00000  690.20254  1.20%   622  275s
 60549 27372  688.00436   35 1326  682.00000  690.20254  1.20%   622  280s
 60574 27389  686.15016   39 1288  682.00000  690.20254  1.20%   622  285s
 60599 27408  690.20254   32 1303  682.00000  690.20254  1.20%   624  290s
 60629 27458  689.07357   36 1363  682.00000  689.59993  1.11%   627  295s
 60985 27693  685.19491   42 1327  682.00000  689.46815  1.10%   634  300s
 61408 27651  685.68412   41 1361  682.00000  689.22618  1.06%   637  305s
 61936 27651  685.08968   45 1300  682.00000  689.22618  1.06%   639  310s
 62468 27702  685.35009   44 1274  682.00000  688.91801  1.01%   643  315s
 63180 27693  687.20170   40 1339  682.00000  688.40298  0.94%   646  320s
 63786 27781     cutoff   49       682.00000  688.20121  0.91%   648  325s
 64691 27740     cutoff   50       682.00000  687.94842  0.87%   651  331s
 65172 27711  684.50327   45 1295  682.00000  687.64537  0.83%   653  335s
 65925 27605  684.68991   44 1302  682.00000  687.50129  0.81%   655  340s
 66684 27561  685.49715   41 1352  682.00000  687.33171  0.78%   658  345s
 67543 27406     cutoff   44       682.00000  687.15206  0.76%   661  350s
 68590 27297  685.69291   41 1338  682.00000  687.01416  0.74%   664  356s
 69296 27152  685.05421   44 1328  682.00000  686.87020  0.71%   667  360s
 70083 26975  684.31084   45 1297  682.00000  686.79514  0.70%   669  365s
 70955 26806     cutoff   43       682.00000  686.67156  0.68%   672  370s
 71912 26598     cutoff   46       682.00000  686.62226  0.68%   675  376s
 72941 26386     cutoff   43       682.00000  686.48502  0.66%   678  381s
 73433 26260  684.15770   45 1284  682.00000  686.44020  0.65%   679  385s
 74585 25988     cutoff   47       682.00000  686.35213  0.64%   682  391s
 75135 25809     cutoff   48       682.00000  686.30648  0.63%   684  395s
 76300 25462     cutoff   43       682.00000  686.22327  0.62%   687  402s
 76942 25258  684.52234   48 1275  682.00000  686.16367  0.61%   690  406s
 77647 25044     cutoff   43       682.00000  686.10100  0.60%   692  410s
 78865 24661  684.36750   45 1313  682.00000  686.05545  0.59%   695  418s
 79470 24426  684.02491   46 1291  682.00000  686.01840  0.59%   697  423s
 80202 24139     cutoff   47       682.00000  685.96256  0.58%   700  428s
 80901 23884     cutoff   47       682.00000  685.88980  0.57%   702  433s
 81722 23535     cutoff   46       682.00000  685.84035  0.56%   706  438s
 82580 23179     cutoff   46       682.00000  685.75212  0.55%   709  443s
 83481 22804  684.31504   43 1313  682.00000  685.68226  0.54%   712  449s
 84386 22399  684.08331   47 1313  682.00000  685.61209  0.53%   716  454s
 85349 21983     cutoff   44       682.00000  685.55007  0.52%   719  460s
 86214 21536  684.56946   44 1366  682.00000  685.48743  0.51%   723  467s
 87177 21013     cutoff   47       682.00000  685.40467  0.50%   728  473s
 88123 20476     cutoff   46       682.00000  685.32110  0.49%   732  480s
 89098 19864  684.18547   43 1334  682.00000  685.24866  0.48%   738  487s
 90055 19239  684.22748   49  983  682.00000  685.14603  0.46%   743  494s
 91071 18537     cutoff   44       682.00000  685.05613  0.45%   750  503s
 91901 17758  684.30927   46 1291  682.00000  684.94275  0.43%   755  511s
 92788 16845     cutoff   51       682.00000  684.76076  0.40%   763  520s

Cutting planes:
  Gomory: 96
  Cover: 1
  MIR: 6
  Flow cover: 32
  Zero half: 1287

Explored 93788 nodes (72528903 simplex iterations) in 522.81 seconds (1487.88 work units)
Thread count was 32 (of 64 available processors)

Solution count 10: 682 680 676 ... 666

Optimal solution found (tolerance 1.00e-04)
Best objective 6.820000000000e+02, best bound 6.820000000000e+02, gap 0.0000%

Gurobi 12.0.0 (linux64) logging started Mon Feb 23 21:01:10 2026

Set parameter WLSAccessID
Set parameter WLSSecret
Set parameter LicenseID to value 2531729
Academic license 2531729 - for non-commercial use only - registered to ns___@vols.utk.edu
Set parameter OutputFlag to value 1
Read MPS format model from file Initial_problem_set/Test_prob_22.mps
Reading time = 0.01 seconds
obj: 16 rows, 640 columns, 640 nonzeros
Warning: parameter changes on this environment will not affect existing models.
Set parameter TimeLimit to value 3600
Gurobi Optimizer version 12.0.0 build v12.0.0rc1 (linux64 - "Ubuntu 22.04.5 LTS")

CPU model: AMD Ryzen Threadripper PRO 5975WX 32-Cores, instruction set [SSE2|AVX|AVX2]
Thread count: 32 physical cores, 64 logical processors, using up to 32 threads

Academic license 2531729 - for non-commercial use only - registered to ns___@vols.utk.edu
Optimize a model with 16 rows, 640 columns and 640 nonzeros
Model fingerprint: 0xa1838f95
Model has 64032 quadratic objective terms
Variable types: 0 continuous, 640 integer (640 binary)
Coefficient statistics:
  Matrix range     [1e+00, 1e+00]
  Objective range  [0e+00, 0e+00]
  QObjective range [2e+00, 4e+03]
  Bounds range     [1e+00, 1e+00]
  RHS range        [1e+00, 1e+00]
Found heuristic solution: objective 34265.000000
Presolve time: 0.53s
Presolved: 16 rows, 640 columns, 640 nonzeros
Presolved model has 64672 quadratic objective terms
Variable types: 0 continuous, 640 integer (640 binary)

Root relaxation: objective -4.614557e+05, 401 iterations, 0.03 seconds (0.07 work units)

    Nodes    |    Current Node    |     Objective Bounds      |     Work
 Expl Unexpl |  Obj  Depth IntInf | Incumbent    BestBd   Gap | It/Node Time

H    0     0                    9036.0000000    0.00000   100%     -    0s
H    0     0                     259.0000000    0.00000   100%     -    0s
     0     0    0.00000    0  362  259.00000    0.00000   100%     -    0s
     0     0    0.00000    0  362  259.00000    0.00000   100%     -    0s
     0     2    0.00000    0  362  259.00000    0.00000   100%     -    0s
H    1     2                     256.0000000    0.00000   100%   0.0    1s
H    1     2                     247.0000000    0.00000   100%   0.0    1s
H    1     2                     235.0000000    0.00000   100%   0.0    1s
H    1     2                     234.0000000    0.00000   100%   0.0    1s
H  447   379                     224.0000000    0.00000   100%  13.7    2s
H 2282  1479                     216.0000000    0.00000   100%   9.9    2s
* 2533  1637              61     215.0000000    0.00000   100%   9.8    2s
* 2535  1637              62     205.0000000    0.00000   100%   9.8    2s
* 2996  1809              75     200.0000000    0.00000   100%  10.1    2s
H 3271  1881                     190.0000000    0.00000   100%  10.0    2s
* 3401  1881              77     178.0000000    0.00000   100%  10.1    2s
H 3844  1999                     175.0000000    0.00000   100%  10.3    2s
H 3876  1960                     165.0000000    0.00000   100%  10.2    2s
* 4293  2157              68     161.0000000    0.00000   100%  10.2    2s
H 4782  2240                     159.0000000    0.00000   100%  10.5    2s
 18074  5900    1.49579   85   14  159.00000    0.00000   100%  10.0    5s
 123025 28558     cutoff  142       159.00000   27.41371  82.8%   7.5   10s
 324325  1604 infeasible  125       159.00000  126.37373  20.5%   6.2   15s

Cutting planes:
  Gomory: 3
  Lift-and-project: 1
  Cover: 28
  Implied bound: 13
  Clique: 11
  MIR: 14
  StrongCG: 18
  Flow cover: 41
  GUB cover: 4
  Zero half: 3
  RLT: 3
  Relax-and-lift: 42

Explored 329782 nodes (2042093 simplex iterations) in 15.07 seconds (31.20 work units)
Thread count was 32 (of 64 available processors)

Solution count 10: 159 161 165 ... 216

Optimal solution found (tolerance 1.00e-04)
Best objective 1.590000000000e+02, best bound 1.590000000000e+02, gap 0.0000%

Gurobi 12.0.0 (linux64) logging started Mon Feb 23 21:20:27 2026

Set parameter WLSAccessID
Set parameter WLSSecret
Set parameter LicenseID to value 2531729
Academic license 2531729 - for non-commercial use only - registered to ns___@vols.utk.edu
Set parameter OutputFlag to value 1
Read MPS format model from file Initial_problem_set/Test_prob_23.mps
Reading time = 0.00 seconds
obj: 0 rows, 435 columns, 0 nonzeros
Warning: parameter changes on this environment will not affect existing models.
Set parameter TimeLimit to value 3600
Gurobi Optimizer version 12.0.0 build v12.0.0rc1 (linux64 - "Ubuntu 22.04.5 LTS")

CPU model: AMD Ryzen Threadripper PRO 5975WX 32-Cores, instruction set [SSE2|AVX|AVX2]
Thread count: 32 physical cores, 64 logical processors, using up to 32 threads

Academic license 2531729 - for non-commercial use only - registered to ns___@vols.utk.edu
Optimize a model with 0 rows, 435 columns and 0 nonzeros
Model fingerprint: 0x10e01345
Model has 840 quadratic objective terms
Variable types: 0 continuous, 435 integer (435 binary)
Coefficient statistics:
  Matrix range     [0e+00, 0e+00]
  Objective range  [2e+00, 4e+00]
  QObjective range [4e+00, 4e+00]
  Bounds range     [1e+00, 1e+00]
  RHS range        [0e+00, 0e+00]
Found heuristic solution: objective -0.0000000
Found heuristic solution: objective 414.0000000
Presolve removed 0 rows and 30 columns
Presolve time: 0.04s
Presolved: 806 rows, 1211 columns, 2418 nonzeros
Variable types: 0 continuous, 1211 integer (1211 binary)

Root relaxation: objective 5.360000e+02, 561 iterations, 0.00 seconds (0.00 work units)

    Nodes    |    Current Node    |     Objective Bounds      |     Work
 Expl Unexpl |  Obj  Depth IntInf | Incumbent    BestBd   Gap | It/Node Time

     0     0  536.00000    0  404  414.00000  536.00000  29.5%     -    0s
     0     0  510.25000    0  441  414.00000  510.25000  23.2%     -    0s
     0     0  496.87500    0  474  414.00000  496.87500  20.0%     -    0s
     0     0  496.87500    0  471  414.00000  496.87500  20.0%     -    0s
     0     2  496.75000    0  450  414.00000  496.75000  20.0%     -    0s
H 4273  3586                     416.0000000  434.47304  4.44%  48.2    3s
H 4280  3410                     418.0000000  433.20110  3.64%  48.2    3s
  4295  3422  432.23269   15  766  418.00000  432.23269  3.40%  55.7    5s
H 4993  3648                     420.0000000  429.29735  2.21%   162    9s
  5426  3875  426.55312   32  723  420.00000  428.77580  2.09%   184   10s
  8789  4191  422.73815   42  589  420.00000  427.58511  1.81%   266   15s
 12991  4129  424.97313   33  692  420.00000  426.57792  1.57%   307   20s
*16195  2732              57     422.0000000  426.19581  0.99%   320   23s
 17469  2491     cutoff   40       422.00000  425.93506  0.93%   326   25s
 22048  1673  424.04973   36  700  422.00000  425.15484  0.75%   343   30s

Cutting planes:
  Gomory: 46
  MIR: 2
  Zero half: 688

Explored 24562 nodes (8340123 simplex iterations) in 33.56 seconds (90.30 work units)
Thread count was 32 (of 64 available processors)

Solution count 6: 422 420 418 ... -0

Optimal solution found (tolerance 1.00e-04)
Best objective 4.220000000000e+02, best bound 4.220000000000e+02, gap 0.0000%

Gurobi 12.0.0 (linux64) logging started Tue Feb 24 00:23:48 2026

Set parameter WLSAccessID
Set parameter WLSSecret
Set parameter LicenseID to value 2531729
Academic license 2531729 - for non-commercial use only - registered to ns___@vols.utk.edu
Set parameter OutputFlag to value 1
Read MPS format model from file Initial_problem_set/Test_prob_24.mps
Reading time = 0.00 seconds
obj: 80 rows, 395 columns, 474 nonzeros
Warning: parameter changes on this environment will not affect existing models.
Set parameter TimeLimit to value 3600
Gurobi Optimizer version 12.0.0 build v12.0.0rc1 (linux64 - "Ubuntu 22.04.5 LTS")

CPU model: AMD Ryzen Threadripper PRO 5975WX 32-Cores, instruction set [SSE2|AVX|AVX2]
Thread count: 32 physical cores, 64 logical processors, using up to 32 threads

Academic license 2531729 - for non-commercial use only - registered to ns___@vols.utk.edu
Optimize a model with 80 rows, 395 columns and 474 nonzeros
Model fingerprint: 0xe596387a
Model has 3984 quadratic objective terms
Variable types: 0 continuous, 395 integer (395 binary)
Coefficient statistics:
  Matrix range     [1e+00, 1e+00]
  Objective range  [0e+00, 0e+00]
  QObjective range [1e-01, 2e+00]
  Bounds range     [1e+00, 1e+00]
  RHS range        [1e+00, 1e+00]
Found heuristic solution: objective 166.1500000
Presolve removed 1 rows and 79 columns
Presolve time: 0.20s
Presolved: 4063 rows, 4300 columns, 12268 nonzeros
Variable types: 0 continuous, 4300 integer (4300 binary)
Found heuristic solution: objective 151.7750000

Root relaxation: objective 6.975000e+00, 133 iterations, 0.00 seconds (0.00 work units)

    Nodes    |    Current Node    |     Objective Bounds      |     Work
 Expl Unexpl |  Obj  Depth IntInf | Incumbent    BestBd   Gap | It/Node Time

     0     0    6.97500    0  132  151.77500    6.97500  95.4%     -    0s
H    0     0                      89.0000000    6.97500  92.2%     -    0s
H    0     0                      67.4000000    6.97500  89.7%     -    0s
H    0     0                      67.0500000    9.32500  86.1%     -    0s
     0     0    9.45000    0  132   67.05000    9.45000  85.9%     -    0s
     0     0   10.50000    0  132   67.05000   10.50000  84.3%     -    0s
     0     0   41.20000    0  569   67.05000   41.20000  38.6%     -    0s
     0     0   42.91875    0  934   67.05000   42.91875  36.0%     -    0s
     0     0   45.23042    0 1194   67.05000   45.23042  32.5%     -    0s
     0     0   45.24292    0 1057   67.05000   45.24292  32.5%     -    0s
     0     2   45.33042    0 1016   67.05000   45.33042  32.4%     -    1s
H  300   331                      66.8250000   48.19387  27.9%   366    1s
H  314   331                      66.6500000   48.19387  27.7%   362    1s
H 1319  1336                      66.6000000   48.19387  27.6%   191    2s
H 1413  1419                      66.5000000   48.19387  27.5%   186    2s
H 1610  1535                      66.3500000   48.69365  26.6%   176    2s
H 1626  1535                      66.3000000   48.69365  26.6%   176    2s
H 2132  2026                      66.1500000   48.69365  26.4%   174    3s
H 4008  3402                      65.9000000   49.53679  24.8%   150    4s
  4011  3404   55.61250   25  817   65.90000   49.53679  24.8%   150    5s
  4025  3413   58.41804   32 2021   65.90000   58.41804  11.4%   150   10s
  4035  3420   64.56125   66 2256   65.90000   60.72397  7.85%   149   16s
  4043  3425   61.17979   24 2487   65.90000   61.17979  7.16%   149   21s
  4045  3426   61.94628   30 2536   65.90000   61.94628  6.00%   149   26s
  4052  3431   63.84375   42 2695   65.90000   62.15044  5.69%   149   32s
H 4053  3260                      65.0250000   62.41132  4.02%   149   35s
  4059  3264   62.53713   45 2725   65.02500   62.53713  3.83%   148   40s
  4063  3266   62.60761    9 2778   65.02500   62.60761  3.72%   148   45s
  4067  3269   64.02083   60 2817   65.02500   62.68990  3.59%   148   51s
  4073  3273   62.76373   21 2839   65.02500   62.76373  3.48%   148   55s
  4077  3276   62.78617    7 2771   65.02500   62.78617  3.44%   148   60s
  4080  3283   63.17709   13 2533   65.02500   62.94922  3.19%   181   66s
  4092  3303   63.38394   15 2605   65.02500   63.15918  2.87%   191   72s
  4108  3329   63.47613   16 2545   65.02500   63.28000  2.68%   216   75s
H 4186  3266                      64.5750000   63.37781  1.85%   266   78s
H 4255  3086                      64.2750000   63.37781  1.40%   283   78s
  4268  3150   63.82956   19 2330   64.27500   63.37781  1.40%   285   80s
  4387  3151   63.95974   20 2249   64.27500   63.37781  1.40%   315   85s
H 4466  2985                      64.1250000   63.45735  1.04%   334   88s
  4522  2947     cutoff   21        64.12500   63.45735  1.04%   346   91s
  4673  2923   63.97321   21 2194   64.12500   63.45735  1.04%   379   96s
* 4756  2754              28      64.1000000   63.45735  1.00%   392   96s
  4818  2739     cutoff   22        64.10000   63.52506  0.90%   403  101s
  4900  2717   63.84473   18 1923   64.10000   63.57227  0.82%   415  106s
  4952  2706   63.89655   19 1893   64.10000   63.62380  0.74%   423  110s
  5129  2642     cutoff   23        64.10000   63.62380  0.74%   448  116s
  5328  2593     cutoff   22        64.10000   63.65609  0.69%   483  122s
  5559  2497     cutoff   24        64.10000   63.73088  0.58%   509  127s
  5782  2398   64.00223   20 1931   64.10000   63.75928  0.53%   538  133s
  5900  2340     cutoff   21        64.10000   63.75928  0.53%   554  136s
  6169  2205   64.00400   23 2005   64.10000   63.80778  0.46%   591  143s
  6309  2137     cutoff   25        64.10000   63.80778  0.46%   608  147s
  6449  2041     cutoff   19        64.10000   63.85919  0.38%   625  150s
  6675  1853     cutoff   23        64.10000   63.88736  0.33%   667  157s
  6807  1758     cutoff   23        64.10000   63.88736  0.33%   686  161s

Cutting planes:
  Gomory: 11
  Cover: 7
  Dual implied bound: 9
  MIR: 3
  StrongCG: 1
  Zero half: 22
  RLT: 1699
  BQP: 2500
  PSD: 19

Explored 6864 nodes (4799296 simplex iterations) in 162.59 seconds (362.83 work units)
Thread count was 32 (of 64 available processors)

Solution count 10: 64.1 64.125 64.275 ... 66.5

Optimal solution found (tolerance 1.00e-04)
Best objective 6.410000000000e+01, best bound 6.410000000000e+01, gap 0.0000%

Gurobi 12.0.0 (linux64) logging started Tue Feb 24 00:26:55 2026

Set parameter WLSAccessID
Set parameter WLSSecret
Set parameter LicenseID to value 2531729
Academic license 2531729 - for non-commercial use only - registered to ns___@vols.utk.edu
Set parameter OutputFlag to value 1
Read MPS format model from file Initial_problem_set/Test_prob_26.mps
Reading time = 0.00 seconds
obj: 0 rows, 378 columns, 0 nonzeros
Warning: parameter changes on this environment will not affect existing models.
Set parameter TimeLimit to value 3600
Gurobi Optimizer version 12.0.0 build v12.0.0rc1 (linux64 - "Ubuntu 22.04.5 LTS")

CPU model: AMD Ryzen Threadripper PRO 5975WX 32-Cores, instruction set [SSE2|AVX|AVX2]
Thread count: 32 physical cores, 64 logical processors, using up to 32 threads

Academic license 2531729 - for non-commercial use only - registered to ns___@vols.utk.edu
Optimize a model with 0 rows, 378 columns and 0 nonzeros
Model fingerprint: 0xaa7bec37
Model has 728 quadratic objective terms
Variable types: 0 continuous, 378 integer (378 binary)
Coefficient statistics:
  Matrix range     [0e+00, 0e+00]
  Objective range  [2e+00, 4e+00]
  QObjective range [4e+00, 4e+00]
  Bounds range     [1e+00, 1e+00]
  RHS range        [0e+00, 0e+00]
Found heuristic solution: objective -0.0000000
Found heuristic solution: objective 372.0000000
Presolve removed 0 rows and 28 columns
Presolve time: 0.09s
Presolved: 696 rows, 1046 columns, 2088 nonzeros
Variable types: 0 continuous, 1046 integer (1046 binary)

Root relaxation: objective 4.740000e+02, 499 iterations, 0.00 seconds (0.00 work units)

    Nodes    |    Current Node    |     Objective Bounds      |     Work
 Expl Unexpl |  Obj  Depth IntInf | Incumbent    BestBd   Gap | It/Node Time

     0     0  474.00000    0  349  372.00000  474.00000  27.4%     -    0s
     0     0  453.12500    0  380  372.00000  453.12500  21.8%     -    0s
     0     0  432.55000    0  415  372.00000  432.55000  16.3%     -    0s
     0     0  432.53125    0  418  372.00000  432.53125  16.3%     -    0s
     0     0  422.92330    0  454  372.00000  422.92330  13.7%     -    0s
     0     0  422.92330    0  442  372.00000  422.92330  13.7%     -    0s
     0     2  422.92330    0  442  372.00000  422.92330  13.7%     -    0s
H  407   427                     374.0000000  416.07016  11.2%   155    0s
H 1879  1660                     378.0000000  415.64535  10.0%   148    1s
H 2035  1755                     380.0000000  415.64535  9.38%   147    1s
H 2261  1915                     382.0000000  415.63953  8.81%   150    1s
* 4021  2626              23     384.0000000  385.66441  0.43%   174    4s

Cutting planes:
  Gomory: 42
  MIR: 1
  Zero half: 429

Explored 4030 nodes (706797 simplex iterations) in 4.45 seconds (7.88 work units)
Thread count was 32 (of 64 available processors)

Solution count 7: 384 382 380 ... -0

Optimal solution found (tolerance 1.00e-04)
Best objective 3.840000000000e+02, best bound 3.840000000000e+02, gap 0.0000%

Gurobi 12.0.0 (linux64) logging started Tue Feb 24 03:27:17 2026

Set parameter WLSAccessID
Set parameter WLSSecret
Set parameter LicenseID to value 2531729
Academic license 2531729 - for non-commercial use only - registered to ns___@vols.utk.edu
Set parameter OutputFlag to value 1
Read MPS format model from file Initial_problem_set/Test_prob_28.mps
Reading time = 0.00 seconds
obj: 52 rows, 100 columns, 200 nonzeros
Warning: parameter changes on this environment will not affect existing models.
Set parameter TimeLimit to value 3600
Gurobi Optimizer version 12.0.0 build v12.0.0rc1 (linux64 - "Ubuntu 22.04.5 LTS")

CPU model: AMD Ryzen Threadripper PRO 5975WX 32-Cores, instruction set [SSE2|AVX|AVX2]
Thread count: 32 physical cores, 64 logical processors, using up to 32 threads

Academic license 2531729 - for non-commercial use only - registered to ns___@vols.utk.edu
Optimize a model with 52 rows, 100 columns and 200 nonzeros
Model fingerprint: 0x9b1f1f9f
Model has 1274 quadratic objective terms
Variable types: 50 continuous, 50 integer (50 binary)
Coefficient statistics:
  Matrix range     [1e+00, 1e+00]
  Objective range  [0e+00, 0e+00]
  QObjective range [2e+00, 7e+03]
  Bounds range     [1e+00, 1e+00]
  RHS range        [1e+00, 5e+00]
Found heuristic solution: objective 1417.0300000
Presolve time: 0.01s
Presolved: 2501 rows, 1376 columns, 6371 nonzeros
Presolved model has 50 quadratic constraint(s)
Presolved model has 1224 bilinear constraint(s)

Solving non-convex MIQCP

Variable types: 1326 continuous, 50 integer (50 binary)

Root relaxation: objective 0.000000e+00, 1 iterations, 0.00 seconds (0.00 work units)

    Nodes    |    Current Node    |     Objective Bounds      |     Work
 Expl Unexpl |  Obj  Depth IntInf | Incumbent    BestBd   Gap | It/Node Time

H    0     0                      27.2455000    0.00000   100%     -    0s
*    0     0               0      27.2455000    0.00000   100%     -    0s
H    0     0                      15.6045750    0.00000   100%     -    0s
*    0     0               0      15.6045750    0.00000   100%     -    0s
     0     0    0.00000    0    5   15.60457    0.00000   100%     -    0s
H    0     0                      15.3528784    0.00000   100%     -    0s
     0     0    0.00000    0    9   15.35288    0.00000   100%     -    0s
H    0     0                      13.0562386    0.00000   100%     -    0s
H    0     0                      13.0393971    0.00000   100%     -    0s
H    0     0                      13.0065956    0.00000   100%     -    0s
H    0     0                      10.9478000    0.00000   100%     -    0s
*    0     0               0      10.9478000    0.00000   100%     -    0s
     0     0    0.00000    0    5   10.94780    0.00000   100%     -    0s
     0     0    0.00000    0   10   10.94780    0.00000   100%     -    0s
H    0     0                      10.9236379    0.00000   100%     -    0s
     0     0    0.00000    0    6   10.92364    0.00000   100%     -    0s
     0     0    0.00000    0   12   10.92364    0.00000   100%     -    0s
     0     0    0.00000    0   17   10.92364    0.00000   100%     -    0s
     0     0    0.00000    0  149   10.92364    0.00000   100%     -    0s
     0     0    0.00000    0  272   10.92364    0.00000   100%     -    0s
     0     0    0.22508    0   23   10.92364    0.22508  97.9%     -    0s
     0     0    0.76827    0   31   10.92364    0.76827  93.0%     -    0s
     0     0    1.70167    0   17   10.92364    1.70167  84.4%     -    0s
     0     0    1.97154    0   10   10.92364    1.97154  82.0%     -    0s
     0     0    2.00481    0   10   10.92364    2.00481  81.6%     -    0s
     0     0    2.02899    0   10   10.92364    2.02899  81.4%     -    0s
     0     0    2.07586    0   10   10.92364    2.07586  81.0%     -    0s
     0     0    2.14939    0   10   10.92364    2.14939  80.3%     -    0s
     0     0    2.21086    0   10   10.92364    2.21086  79.8%     -    0s
     0     0    2.28358    0   10   10.92364    2.28358  79.1%     -    0s
     0     0    2.33654    0   23   10.92364    2.33654  78.6%     -    0s
     0     0    2.37075    0   10   10.92364    2.37075  78.3%     -    0s
     0     0    2.42066    0   10   10.92364    2.42066  77.8%     -    0s
     0     0    2.43369    0   17   10.92364    2.43369  77.7%     -    0s
     0     0    2.51012    0   10   10.92364    2.51012  77.0%     -    0s
     0     0    2.52284    0   10   10.92364    2.52284  76.9%     -    0s
     0     0    2.53484    0   10   10.92364    2.53484  76.8%     -    0s
     0     0    2.55424    0   10   10.92364    2.55424  76.6%     -    0s
     0     0    2.61597    0   10   10.92364    2.61597  76.1%     -    0s
     0     0    2.68270    0   10   10.92364    2.68270  75.4%     -    0s
     0     0    2.74188    0   10   10.92364    2.74188  74.9%     -    0s
     0     0    2.78070    0   23   10.92364    2.78070  74.5%     -    0s
     0     0    2.81925    0   17   10.92364    2.81925  74.2%     -    0s
     0     0    2.83170    0   10   10.92364    2.83170  74.1%     -    0s
     0     0    2.85119    0   10   10.92364    2.85119  73.9%     -    0s
     0     0    2.86699    0   10   10.92364    2.86699  73.8%     -    0s
     0     0    2.87707    0   10   10.92364    2.87707  73.7%     -    0s
     0     0    2.89257    0   10   10.92364    2.89257  73.5%     -    0s
     0     0    2.92714    0   10   10.92364    2.92714  73.2%     -    0s
     0     0    2.95293    0   10   10.92364    2.95293  73.0%     -    0s
     0     0    2.97646    0   10   10.92364    2.97646  72.8%     -    0s
     0     0    2.99224    0   17   10.92364    2.99224  72.6%     -    0s
     0     0    3.00032    0   10   10.92364    3.00032  72.5%     -    0s
     0     0    3.01535    0   10   10.92364    3.01535  72.4%     -    0s
     0     0    3.02683    0   10   10.92364    3.02683  72.3%     -    0s
     0     0    3.03357    0   10   10.92364    3.03357  72.2%     -    0s
     0     0    3.04056    0   10   10.92364    3.04056  72.2%     -    0s
     0     0    3.05067    0   10   10.92364    3.05067  72.1%     -    0s
     0     0    3.05946    0   10   10.92364    3.05946  72.0%     -    0s
     0     0    3.06822    0   10   10.92364    3.06822  71.9%     -    0s
     0     0    3.07975    0   10   10.92364    3.07975  71.8%     -    0s
     0     0    3.08492    0   10   10.92364    3.08492  71.8%     -    0s
     0     0    3.08492    0   10   10.92364    3.08492  71.8%     -    0s
H    0     0                      10.6861275    3.08492  71.1%     -    0s
H    0     0                      10.3852289    3.08492  70.3%     -    0s
     0     2    3.08492    0   10   10.38523    3.08492  70.3%     -    0s
H   48    58                      10.3611502    3.48457  66.4%  35.1    0s
H   58    58                      10.3441383    3.48457  66.3%  36.3    0s
H  151   153                      10.3181012    3.66390  64.5%  25.5    0s
H 1385   988                      10.3154693    4.14664  59.8%  15.3    0s
H 1385   972                      10.2862266    4.14664  59.7%  15.3    0s
H 1385   969                      10.2651974    4.14664  59.6%  15.3    0s
H 1385   967                      10.2598926    4.14664  59.6%  15.3    0s
H 1385   966                      10.2589512    4.14664  59.6%  15.3    0s
H 1385   966                      10.2589492    4.14664  59.6%  15.3    0s
H 1385   966                      10.2589472    4.14664  59.6%  15.3    0s
H 1385   966                      10.2589472    4.14664  59.6%  15.3    0s
H 1385   962                      10.2476217    4.14664  59.5%  15.3    0s
H 1385   962                      10.2456959    4.14664  59.5%  15.3    0s
H 1385   962                      10.2453323    4.14664  59.5%  15.3    0s
H 1385   962                      10.2451875    4.14664  59.5%  15.3    0s
H 1385   962                      10.2441636    4.14664  59.5%  15.3    0s
H 1385   962                      10.2434561    4.14664  59.5%  15.3    0s
H 1385   962                      10.2432222    4.14664  59.5%  15.3    0s
H 1385   962                      10.2431903    4.14664  59.5%  15.3    0s
H 1388   911                      10.2429900    4.14664  59.5%  15.2    0s
H 1391   868                      10.2050299    5.56669  45.5%  15.2    1s
H 1391   824                      10.2049700    5.56669  45.5%  15.2    1s
H 1392   784                      10.2016460    6.36525  37.6%  15.2    1s
H 1394   745                      10.1444297    7.38882  27.2%  15.2    1s
H 1411   719                      10.1442672    9.36071  7.72%  15.0    2s
H 1411   683                      10.1439912    9.36071  7.72%  15.0    2s
H 1421   654                      10.1437954    9.72605  4.12%  14.9    4s
H 1425   623                      10.1437273    9.76368  3.75%  14.8    4s
H 1425   591                      10.1437120    9.76368  3.75%  14.8    4s
H 1434   568                      10.1436873    9.77225  3.66%  17.8    4s
H 1436   540                      10.1436381    9.77407  3.64%  17.7    5s
H 1436   513                      10.1436193    9.77407  3.64%  17.7    5s
H 1436   487                      10.1435736    9.77407  3.64%  17.7    5s
H 1436   463                      10.1435701    9.77407  3.64%  17.7    5s
H 1442   443                      10.1429648    9.79169  3.46%  17.7    6s
H 1445   423                      10.1429550    9.79169  3.46%  17.6    6s
H 1445   401                      10.1429414    9.79169  3.46%  17.6    6s
H 1448   385                      10.1429406    9.79169  3.46%  19.0    7s
* 2122   220              44      10.1340259   10.03276  1.00%  35.2    7s
* 2180   162              45      10.1282784   10.03276  0.94%  35.3    7s
* 2183   144              47      10.1277475   10.03276  0.94%  35.3    7s
H 2300    45                      10.1264712   10.06962  0.56%  34.2    7s

Cutting planes:
  Flow cover: 5
  RLT: 20
  PSD: 144

Explored 2580 nodes (83011 simplex iterations) in 7.80 seconds (13.60 work units)
Thread count was 32 (of 64 available processors)

Solution count 10: 10.1265 10.1277 10.1283 ... 10.1436

Optimal solution found (tolerance 1.00e-04)
Best objective 1.012647123078e+01, best bound 1.012549810018e+01, gap 0.0096%

Gurobi 12.0.0 (linux64) logging started Tue Feb 24 04:34:32 2026

Set parameter WLSAccessID
Set parameter WLSSecret
Set parameter LicenseID to value 2531729
Academic license 2531729 - for non-commercial use only - registered to ns___@vols.utk.edu
Set parameter OutputFlag to value 1
Read MPS format model from file Initial_problem_set/Test_prob_35.mps
Reading time = 0.00 seconds
obj: 0 rows, 561 columns, 0 nonzeros
Warning: parameter changes on this environment will not affect existing models.
Set parameter TimeLimit to value 3600
Gurobi Optimizer version 12.0.0 build v12.0.0rc1 (linux64 - "Ubuntu 22.04.5 LTS")

CPU model: AMD Ryzen Threadripper PRO 5975WX 32-Cores, instruction set [SSE2|AVX|AVX2]
Thread count: 32 physical cores, 64 logical processors, using up to 32 threads

Academic license 2531729 - for non-commercial use only - registered to ns___@vols.utk.edu
Optimize a model with 0 rows, 561 columns and 0 nonzeros
Model fingerprint: 0x71b7a3a8
Model has 1088 quadratic objective terms
Variable types: 0 continuous, 561 integer (561 binary)
Coefficient statistics:
  Matrix range     [0e+00, 0e+00]
  Objective range  [2e+00, 4e+00]
  QObjective range [4e+00, 4e+00]
  Bounds range     [1e+00, 1e+00]
  RHS range        [0e+00, 0e+00]
Found heuristic solution: objective -0.0000000
Found heuristic solution: objective 542.0000000
Presolve removed 0 rows and 34 columns
Presolve time: 0.05s
Presolved: 1050 rows, 1577 columns, 3150 nonzeros
Variable types: 0 continuous, 1577 integer (1577 binary)

Root relaxation: objective 7.020000e+02, 741 iterations, 0.01 seconds (0.00 work units)

    Nodes    |    Current Node    |     Objective Bounds      |     Work
 Expl Unexpl |  Obj  Depth IntInf | Incumbent    BestBd   Gap | It/Node Time

     0     0  702.00000    0  526  542.00000  702.00000  29.5%     -    0s
     0     0  674.00000    0  560  542.00000  674.00000  24.4%     -    0s
     0     0  652.16667    0  595  542.00000  652.16667  20.3%     -    0s
     0     0  652.16667    0  588  542.00000  652.16667  20.3%     -    0s
     0     2  652.16667    0  586  542.00000  652.16667  20.3%     -    0s
H   37    64                     544.0000000  643.47500  18.3%   353    0s
H 2181  2160                     546.0000000  642.47500  17.7%  53.3    0s
H 5130  4374                     548.0000000  572.89697  4.54%  54.3    4s
  5132  4376  572.47857   16 1119  548.00000  572.47857  4.47%  54.3    5s
  5150  4388  550.00000   76 1123  548.00000  567.20385  3.50%  54.1   10s
  5171  4403  565.48302   20 1022  548.00000  565.48302  3.19%  69.9   15s
  5213  4464  561.48103   29 1024  548.00000  563.52768  2.83%  91.8   20s
H 5278  4288                     550.0000000  563.38009  2.43%   120   20s
  6028  4647  554.89691   40  970  550.00000  563.31274  2.42%   271   25s
H 6263  4538                     552.0000000  563.31274  2.05%   310   26s
  7186  4751  556.58128   39  971  552.00000  562.33119  1.87%   399   30s
  8512  5058  558.56468   37  900  552.00000  561.78823  1.77%   478   35s
* 9219  4412              60     554.0000000  561.52860  1.36%   518   38s
  9800  4353     cutoff   43       554.00000  561.19822  1.30%   542   40s
 10969  4470  558.85209   38  948  554.00000  560.88377  1.24%   597   45s
 12328  4413     cutoff   48       554.00000  560.50710  1.17%   637   50s
 14275  4542  559.05507   35  951  554.00000  560.16551  1.11%   681   56s
 15538  4545  558.59728   37  983  554.00000  559.98779  1.08%   713   60s
 17713  4603  558.75311   35  934  554.00000  559.76799  1.04%   743   66s
 19594  5086  558.07630   36  986  554.00000  559.58263  1.01%   759   71s
 21022  5376  556.41324   39  971  554.00000  559.50175  0.99%   771   75s
 23139  5762  556.01397   40  914  554.00000  559.34705  0.97%   791   82s
 24446  6035     cutoff   43       554.00000  559.27289  0.95%   796   86s
 26342  6387  556.76548   37  974  554.00000  559.16324  0.93%   804   91s
 28386  6600     cutoff   40       554.00000  559.03538  0.91%   814   96s
 30713  6900     cutoff   40       554.00000  558.94141  0.89%   823  102s
 32882  7069     cutoff   39       554.00000  558.83027  0.87%   830  107s
 32946  7115  556.28536   38  911  554.00000  558.82976  0.87%   831  110s
 34542  7369     cutoff   35       554.00000  558.79314  0.87%   834  116s
 37420  7555  557.02496   35  973  554.00000  558.67685  0.84%   839  123s
 38844  7664  556.11409   40  915  554.00000  558.61029  0.83%   843  126s
 40336  7740     cutoff   40       554.00000  558.56532  0.82%   845  130s
 43541  7792  556.74095   40  951  554.00000  558.43932  0.80%   849  137s
 45241  7822  557.14982   36  956  554.00000  558.38849  0.79%   850  141s
 47005  7950  556.48433   43  902  554.00000  558.33499  0.78%   851  145s
 50354  7929  557.37864   38  990  554.00000  558.22734  0.76%   854  154s
 52368  7872  556.87899   39  964  554.00000  558.17212  0.75%   854  158s
 54369  7810  556.26387   40  935  554.00000  558.11425  0.74%   855  163s
 56455  7726     cutoff   39       554.00000  558.04439  0.73%   856  168s
 58627  7578  556.81792   39  926  554.00000  557.98221  0.72%   856  173s
 60875  7439     cutoff   44       554.00000  557.93328  0.71%   857  178s
 63266  7231     cutoff   40       554.00000  557.85583  0.70%   857  183s
 65598  7000  556.47853   39  969  554.00000  557.80138  0.69%   857  188s
 68197  6705  556.18845   41  956  554.00000  557.73258  0.67%   856  194s
 70861  6349  556.46367   39  987  554.00000  557.65598  0.66%   855  200s
 73454  5918  556.36090   34 1000  554.00000  557.58904  0.65%   856  205s
 76196  5385     cutoff   41       554.00000  557.51827  0.64%   857  212s
 79203  4781  556.41131   39  951  554.00000  557.43288  0.62%   856  218s
 82214  3982  556.29451   38  945  554.00000  557.34421  0.60%   855  225s
 85269  2911  556.88352   40  956  554.00000  557.22993  0.58%   856  232s
 88420  1296     cutoff   41       554.00000  557.05605  0.55%   857  239s
 91437     0     cutoff   38       554.00000  556.65570  0.48%   858  241s

Cutting planes:
  Gomory: 66
  Zero half: 909
  RLT: 2

Explored 92838 nodes (79025559 simplex iterations) in 241.08 seconds (703.55 work units)
Thread count was 32 (of 64 available processors)

Solution count 8: 554 552 550 ... -0

Optimal solution found (tolerance 1.00e-04)
Best objective 5.540000000000e+02, best bound 5.540000000000e+02, gap 0.0000%

Gurobi 12.0.0 (linux64) logging started Tue Feb 24 07:39:21 2026

Set parameter WLSAccessID
Set parameter WLSSecret
Set parameter LicenseID to value 2531729
Academic license 2531729 - for non-commercial use only - registered to ns___@vols.utk.edu
Set parameter OutputFlag to value 1
Read MPS format model from file Initial_problem_set/Test_prob_40.mps
Reading time = 0.00 seconds
obj: 44 rows, 210 columns, 420 nonzeros
Warning: parameter changes on this environment will not affect existing models.
Set parameter TimeLimit to value 3600
Gurobi Optimizer version 12.0.0 build v12.0.0rc1 (linux64 - "Ubuntu 22.04.5 LTS")

CPU model: AMD Ryzen Threadripper PRO 5975WX 32-Cores, instruction set [SSE2|AVX|AVX2]
Thread count: 32 physical cores, 64 logical processors, using up to 32 threads

Academic license 2531729 - for non-commercial use only - registered to ns___@vols.utk.edu
Optimize a model with 44 rows, 210 columns and 420 nonzeros
Model fingerprint: 0x3edf6054
Model has 2793 quadratic objective terms
Variable types: 0 continuous, 210 integer (210 binary)
Coefficient statistics:
  Matrix range     [1e+00, 2e+02]
  Objective range  [0e+00, 0e+00]
  QObjective range [2e+02, 1e+03]
  Bounds range     [1e+00, 1e+00]
  RHS range        [1e+00, 3e+02]
Found heuristic solution: objective 17316.000000
Presolve time: 0.02s
Presolved: 2837 rows, 3003 columns, 8799 nonzeros
Variable types: 0 continuous, 3003 integer (3003 binary)

Root relaxation: objective 0.000000e+00, 161 iterations, 0.01 seconds (0.01 work units)

    Nodes    |    Current Node    |     Objective Bounds      |     Work
 Expl Unexpl |  Obj  Depth IntInf | Incumbent    BestBd   Gap | It/Node Time

     0     0    0.00000    0   72 17316.0000    0.00000   100%     -    0s
H    0     0                    16768.000000    0.00000   100%     -    0s
H    0     0                    16360.000000    0.00000   100%     -    0s
H    0     0                    15425.000000    0.00000   100%     -    0s
H    0     0                    15260.000000    0.00000   100%     -    0s
H    0     0                    15210.000000    0.00000   100%     -    0s
     0     0    0.00000    0   67 15210.0000    0.00000   100%     -    0s
     0     0 1489.00000    0   82 15210.0000 1489.00000  90.2%     -    0s
     0     0 4384.58422    0  117 15210.0000 4384.58422  71.2%     -    0s
     0     0 4688.75829    0  152 15210.0000 4688.75829  69.2%     -    0s
     0     0 4879.20316    0  149 15210.0000 4879.20316  67.9%     -    0s
     0     0 4884.46469    0  150 15210.0000 4884.46469  67.9%     -    0s
     0     0 12305.1514    0  496 15210.0000 12305.1514  19.1%     -    0s
     0     0 12671.3107    0  470 15210.0000 12671.3107  16.7%     -    0s
     0     0 12992.0000    0  512 15210.0000 12992.0000  14.6%     -    0s
     0     0 12992.0000    0  477 15210.0000 12992.0000  14.6%     -    0s
     0     2 12993.0000    0  477 15210.0000 12993.0000  14.6%     -    0s
H   31    64                    15152.000000 13152.6865  13.2%   458    1s
H   58    64                    15144.000000 13184.3574  12.9%   355    1s
H  153   157                    14605.000000 13187.3761  9.71%   231    1s
H  429   427                    14592.000000 13187.3761  9.63%   188    1s
H  436   427                    14495.000000 13187.3761  9.02%   189    1s
H  881   712                    14489.000000 13461.8194  7.09%   174    1s
H 1874  1275                    14459.000000 13662.8997  5.51%   166    3s
H 2539  1550                    14432.000000 13701.7536  5.06%   161    3s
  5537  2613 14213.8800    9  493 14432.0000 13872.8010  3.87%   149    5s
  5574  2638 14000.7858   11  832 14432.0000 13872.8010  3.87%   148   10s
H 5878  2676                    14415.000000 13872.8010  3.76%   156   13s
  6676  2740 14362.0372   25  233 14415.0000 13872.8010  3.76%   160   15s
*17547   810              33    14410.000000 14285.8386  0.86%   137   19s
*18183   130              33    14409.000000 14301.3764  0.75%   135   19s

Cutting planes:
  Gomory: 8
  Cover: 12
  Dual implied bound: 13
  MIR: 15
  StrongCG: 9
  Flow cover: 3
  Zero half: 43
  RLT: 764
  BQP: 173
  PSD: 2

Explored 19123 nodes (2527586 simplex iterations) in 19.72 seconds (42.94 work units)
Thread count was 32 (of 64 available processors)

Solution count 10: 14409 14410 14415 ... 15144

Optimal solution found (tolerance 1.00e-04)
Best objective 1.440900000000e+04, best bound 1.440900000000e+04, gap 0.0000%

Gurobi 12.0.0 (linux64) logging started Tue Feb 24 07:49:36 2026

Set parameter WLSAccessID
Set parameter WLSSecret
Set parameter LicenseID to value 2531729
Academic license 2531729 - for non-commercial use only - registered to ns___@vols.utk.edu
Set parameter OutputFlag to value 1
Read MPS format model from file Initial_problem_set/Test_prob_42.mps
Reading time = 0.00 seconds
obj: 0 rows, 120 columns, 0 nonzeros
Warning: parameter changes on this environment will not affect existing models.
Set parameter TimeLimit to value 3600
Gurobi Optimizer version 12.0.0 build v12.0.0rc1 (linux64 - "Ubuntu 22.04.5 LTS")

CPU model: AMD Ryzen Threadripper PRO 5975WX 32-Cores, instruction set [SSE2|AVX|AVX2]
Thread count: 32 physical cores, 64 logical processors, using up to 32 threads

Academic license 2531729 - for non-commercial use only - registered to ns___@vols.utk.edu
Optimize a model with 0 rows, 120 columns and 0 nonzeros
Model fingerprint: 0x8e70ee9f
Model has 2123 quadratic objective terms
Variable types: 0 continuous, 120 integer (120 binary)
Coefficient statistics:
  Matrix range     [0e+00, 0e+00]
  Objective range  [1e+00, 1e+02]
  QObjective range [4e+00, 2e+02]
  Bounds range     [1e+00, 1e+00]
  RHS range        [0e+00, 0e+00]
Found heuristic solution: objective -0.0000000
Found heuristic solution: objective 796.0000000
Found heuristic solution: objective 12691.000000
Found heuristic solution: objective 13060.000000
Found heuristic solution: objective 13067.000000
Presolve time: 0.12s
Presolved: 2123 rows, 2243 columns, 6369 nonzeros
Variable types: 0 continuous, 2243 integer (2243 binary)

Root relaxation: objective 2.729900e+04, 290 iterations, 0.01 seconds (0.01 work units)

    Nodes    |    Current Node    |     Objective Bounds      |     Work
 Expl Unexpl |  Obj  Depth IntInf | Incumbent    BestBd   Gap | It/Node Time

     0     0 27299.0000    0  120 13067.0000 27299.0000   109%     -    0s
     0     0 19962.0000    0  555 13067.0000 19962.0000  52.8%     -    0s
     0     0 16358.6250    0 1014 13067.0000 16358.6250  25.2%     -    1s
     0     0 15964.0662    0 1514 13067.0000 15964.0662  22.2%     -    1s
     0     0 15852.2904    0 1591 13067.0000 15852.2904  21.3%     -    1s
     0     0 14550.5267    0 1680 13067.0000 14550.5267  11.4%     -    2s
     0     0 14550.3291    0 1680 13067.0000 14550.3291  11.4%     -    2s
     0     2 14550.3291    0 1680 13067.0000 14550.3291  11.4%     -    3s
    31    64 13541.1062    5 1554 13067.0000 14081.4043  7.76%  1561    5s
   811   502 13306.8914   10 1451 13067.0000 13781.9382  5.47%   934   10s
  1803   716 13095.7417   14 1404 13067.0000 13655.3643  4.50%   792   15s
  2917   832 13270.3454   10 1504 13067.0000 13508.7410  3.38%   747   20s
  4286   767 13076.0585   14 1441 13067.0000 13398.4573  2.54%   734   25s
  5590   400     cutoff   10      13067.0000 13300.3934  1.79%   733   30s

Cutting planes:
  Dual implied bound: 2
  MIR: 262
  Zero half: 95
  RLT: 692
  BQP: 952

Explored 6509 nodes (4587955 simplex iterations) in 33.75 seconds (80.51 work units)
Thread count was 32 (of 64 available processors)

Solution count 5: 13067 13060 12691 ... -0

Optimal solution found (tolerance 1.00e-04)
Best objective 1.306700000000e+04, best bound 1.306700000000e+04, gap 0.0000%

Gurobi 12.0.0 (linux64) logging started Tue Feb 24 08:07:34 2026

Set parameter WLSAccessID
Set parameter WLSSecret
Set parameter LicenseID to value 2531729
Academic license 2531729 - for non-commercial use only - registered to ns___@vols.utk.edu
Set parameter OutputFlag to value 1
Read MPS format model from file Initial_problem_set/Test_prob_47.mps
Reading time = 0.00 seconds
obj: 0 rows, 276 columns, 0 nonzeros
Warning: parameter changes on this environment will not affect existing models.
Set parameter TimeLimit to value 360
Gurobi Optimizer version 12.0.0 build v12.0.0rc1 (linux64 - "Ubuntu 22.04.5 LTS")

CPU model: AMD Ryzen Threadripper PRO 5975WX 32-Cores, instruction set [SSE2|AVX|AVX2]
Thread count: 32 physical cores, 64 logical processors, using up to 32 threads

Academic license 2531729 - for non-commercial use only - registered to ns___@vols.utk.edu
Optimize a model with 0 rows, 276 columns and 0 nonzeros
Model fingerprint: 0x0386fc20
Model has 528 quadratic objective terms
Variable types: 0 continuous, 276 integer (276 binary)
Coefficient statistics:
  Matrix range     [0e+00, 0e+00]
  Objective range  [2e+00, 4e+00]
  QObjective range [4e+00, 4e+00]
  Bounds range     [1e+00, 1e+00]
  RHS range        [0e+00, 0e+00]
Found heuristic solution: objective -0.0000000
Found heuristic solution: objective 278.0000000
Found heuristic solution: objective 280.0000000
Presolve removed 0 rows and 24 columns
Presolve time: 0.03s
Presolved: 500 rows, 752 columns, 1500 nonzeros
Variable types: 0 continuous, 752 integer (752 binary)

Root relaxation: objective 3.520000e+02, 352 iterations, 0.00 seconds (0.00 work units)

    Nodes    |    Current Node    |     Objective Bounds      |     Work
 Expl Unexpl |  Obj  Depth IntInf | Incumbent    BestBd   Gap | It/Node Time

     0     0  352.00000    0  251  280.00000  352.00000  25.7%     -    0s
     0     0  330.75000    0  281  280.00000  330.75000  18.1%     -    0s
     0     0  316.00000    0  290  280.00000  316.00000  12.9%     -    0s
     0     0  315.87500    0  290  280.00000  315.87500  12.8%     -    0s
     0     2  315.87500    0  290  280.00000  315.87500  12.8%     -    0s
* 4240  2562              24     282.0000000  283.71738  0.61%  84.0    2s

Cutting planes:
  Gomory: 40
  MIR: 2
  Zero half: 338
  RLT: 1

Explored 4257 nodes (360407 simplex iterations) in 2.07 seconds (3.34 work units)
Thread count was 32 (of 64 available processors)

Solution count 5: 282 280 278 ... -0

Optimal solution found (tolerance 1.00e-04)
Best objective 2.820000000000e+02, best bound 2.820000000000e+02, gap 0.0000%

Gurobi 12.0.0 (linux64) logging started Tue Feb 24 08:25:37 2026

Set parameter WLSAccessID
Set parameter WLSSecret
Set parameter LicenseID to value 2531729
Academic license 2531729 - for non-commercial use only - registered to ns___@vols.utk.edu
Set parameter OutputFlag to value 1
Read MPS format model from file Initial_problem_set/Test_prob_50.mps
Reading time = 0.00 seconds
obj: 0 rows, 780 columns, 0 nonzeros
Warning: parameter changes on this environment will not affect existing models.
Set parameter TimeLimit to value 360
Gurobi Optimizer version 12.0.0 build v12.0.0rc1 (linux64 - "Ubuntu 22.04.5 LTS")

CPU model: AMD Ryzen Threadripper PRO 5975WX 32-Cores, instruction set [SSE2|AVX|AVX2]
Thread count: 32 physical cores, 64 logical processors, using up to 32 threads

Academic license 2531729 - for non-commercial use only - registered to ns___@vols.utk.edu
Optimize a model with 0 rows, 780 columns and 0 nonzeros
Model fingerprint: 0x97063691
Model has 1520 quadratic objective terms
Variable types: 0 continuous, 780 integer (780 binary)
Coefficient statistics:
  Matrix range     [0e+00, 0e+00]
  Objective range  [2e+00, 4e+00]
  QObjective range [4e+00, 4e+00]
  Bounds range     [1e+00, 1e+00]
  RHS range        [0e+00, 0e+00]
Found heuristic solution: objective -0.0000000
Found heuristic solution: objective 722.0000000
Presolve removed 0 rows and 40 columns
Presolve time: 0.04s
Presolved: 1476 rows, 2216 columns, 4428 nonzeros
Variable types: 0 continuous, 2216 integer (2216 binary)

Root relaxation: objective 9.520000e+02, 1069 iterations, 0.01 seconds (0.01 work units)

    Nodes    |    Current Node    |     Objective Bounds      |     Work
 Expl Unexpl |  Obj  Depth IntInf | Incumbent    BestBd   Gap | It/Node Time

     0     0  952.00000    0  739  722.00000  952.00000  31.9%     -    0s
     0     0  911.00000    0  779  722.00000  911.00000  26.2%     -    0s
     0     0  911.00000    0  780  722.00000  911.00000  26.2%     -    0s
     0     0  880.31111    0  846  722.00000  880.31111  21.9%     -    0s
     0     0  880.20000    0  845  722.00000  880.20000  21.9%     -    0s
     0     0  855.67704    0  944  722.00000  855.67704  18.5%     -    0s
     0     0  855.63604    0  915  722.00000  855.63604  18.5%     -    0s
     0     2  855.63604    0  915  722.00000  855.63604  18.5%     -    0s
H  333   352                     724.0000000  850.96527  17.5%   143    1s
* 3308  3061             130     726.0000000  850.73610  17.2%  96.1    1s
H 3335  3174                     728.0000000  850.73610  16.9%  95.9    1s
H 3487  3301                     730.0000000  850.73610  16.5%  96.5    1s
H 7137  6716                     732.0000000  850.53651  16.2%  97.8    2s
  7399  6730  783.17942   55 1427  732.00000  797.53907  8.95%  97.7    5s
  7416  6742  774.88462   60 1553  732.00000  780.09669  6.57%  97.5   10s
  7430  6751  775.43087   12 1598  732.00000  775.43087  5.93%  97.3   15s
  7442  6759  772.64091   30 1595  732.00000  772.64091  5.55%  97.1   20s
  7452  6766  736.25000   88 1615  732.00000  771.70022  5.42%  97.0   25s
  7462  6772  761.00000   73 1639  732.00000  770.23160  5.22%  96.9   31s
  7470  6778  769.79854   37 1615  732.00000  769.79854  5.16%  96.8   35s
  7478  6783  769.04926   27 1612  732.00000  769.04926  5.06%  96.7   40s
  7497  6796  768.77124    9 1605  732.00000  768.77124  5.02%  96.4   45s
  7507  6804  768.74834   10 1459  732.00000  768.74834  5.02%   122   50s
  7514  6808  767.39472   12 1468  732.00000  767.39472  4.84%   122   55s
  7527  6817  766.47802   41 1481  732.00000  766.47802  4.71%   122   60s
  7542  6827  765.83562   30 1481  732.00000  765.83562  4.62%   122   65s
  7559  6838  744.53049   80 1476  732.00000  765.49258  4.58%   121   70s
  7568  6849  765.17806   29 1503  732.00000  765.38135  4.56%   141   75s
  7660  6939  762.06243   34 1484  732.00000  764.59398  4.45%   179   81s
  7748  7015  761.39834   35 1480  732.00000  764.59398  4.45%   199   85s
  7900  7118  760.32823   37 1449  732.00000  764.59398  4.45%   237   90s
  8111  7260  759.60901   39 1452  732.00000  764.59398  4.45%   278   95s
  8391  7451  758.99370   41 1435  732.00000  764.59398  4.45%   316  100s
H 8764  7326                     734.0000000  764.59398  4.17%   349  104s
  8799  7496  756.95550   44 1411  734.00000  764.59398  4.17%   352  105s
  9952  8021  753.71884   53 1368  734.00000  764.55041  4.16%   390  110s
H10055  7466                     738.0000000  764.55041  3.60%   395  110s
H10236  7165                     740.0000000  764.50948  3.31%   409  113s
 10709  7625  748.37496   68 1255  740.00000  764.50948  3.31%   441  115s
 11518  7962  742.89018   84 1136  740.00000  764.50948  3.31%   457  120s
 12361  8525  756.29489   50 1317  740.00000  764.50948  3.31%   499  125s
H12967  8131                     742.0000000  764.50948  3.03%   508  127s
 13506  8374  761.88632   38 1421  742.00000  764.50948  3.03%   517  130s
 14311  8873  750.16672   63 1244  742.00000  764.50948  3.03%   549  136s
 15190  9375  756.41721   48 1343  742.00000  764.50948  3.03%   581  141s
 16028  9691  762.04098   39 1397  742.00000  764.50948  3.03%   598  146s
 16396  9620  758.95427   45 1365  742.00000  764.50948  3.03%   605  150s
H16426  8714                     744.0000000  763.86296  2.67%   606  150s
 16837  9299  750.99218   63 1257  744.00000  763.86296  2.67%   616  155s
 17921  9655  757.35793   48 1352  744.00000  763.86296  2.67%   629  160s
 18878 10202  758.61681   42 1390  744.00000  763.11122  2.57%   648  166s
 19990 10744  761.50180   34 1458  744.00000  763.11122  2.57%   665  172s
 20635 10962  758.28953   40 1408  744.00000  763.11122  2.57%   671  175s
 21890 11498  761.05332   38 1421  744.00000  763.11122  2.57%   687  182s
 22458 11868  753.95893   51 1312  744.00000  763.11122  2.57%   697  185s
 23795 12474  754.51865   49 1324  744.00000  762.93741  2.55%   713  192s
 24797 12845  747.25534   64 1245  744.00000  762.52158  2.49%   714  195s
 26295 14088     cutoff   69       744.00000  762.36919  2.47%   728  203s
 27138 14668  757.42819   43 1360  744.00000  762.29725  2.46%   734  207s
 27934 15286     cutoff   67       744.00000  762.26970  2.46%   741  211s
 28787 16009  756.62277   44 1395  744.00000  762.26970  2.46%   749  215s
 29730 16719  759.88262   44 1401  744.00000  762.26970  2.46%   754  221s
 30603 17479     cutoff   78       744.00000  762.26970  2.46%   759  226s
 31694 18347     cutoff   77       744.00000  761.85928  2.40%   767  231s
 32900 18928  751.56651   61 1235  744.00000  761.85928  2.40%   772  235s
 33705 19737  758.73175   40 1405  744.00000  761.85928  2.40%   777  241s
 34665 20710  754.77840   48 1346  744.00000  761.85928  2.40%   787  246s
 35950 21537  746.77155   63 1219  744.00000  761.77495  2.39%   793  252s
 37095 22777  757.03539   47 1354  744.00000  761.76030  2.39%   801  257s
 38389 23984  749.71220   64 1226  744.00000  761.76030  2.39%   808  263s
 39876 24836  747.55704   69 1230  744.00000  761.76030  2.39%   811  270s
 41100 25905  760.32660   38 1438  744.00000  761.70485  2.38%   814  276s
 42637 26982  759.24647   43 1375  744.00000  761.66695  2.37%   818  283s
 44126 28014  753.51577   51 1344  744.00000  761.52040  2.35%   823  290s
 45797 29172  760.36035   38 1446  744.00000  761.48636  2.35%   826  297s
 47455 29203  753.32071   54 1291  744.00000  761.44017  2.34%   829  308s
 47488 29235  753.11038   55 1272  744.00000  761.44017  2.34%   830  317s
 47520 29263  752.54359   56 1274  744.00000  761.44017  2.34%   830  325s
 47556 29291  751.95098   57 1279  744.00000  761.44017  2.34%   830  333s
 47591 30049  751.21373   58 1270  744.00000  761.44017  2.34%   831  341s
 48604 31573  756.37434   49 1340  744.00000  761.43951  2.34%   830  349s
 50681 33005  759.60850   41 1416  744.00000  761.36177  2.33%   831  357s

Gurobi 12.0.0 (linux64) logging started Tue Feb 24 08:35:11 2026

Set parameter WLSAccessID
Set parameter WLSSecret
Set parameter LicenseID to value 2531729
Academic license 2531729 - for non-commercial use only - registered to ns___@vols.utk.edu
Set parameter OutputFlag to value 1
Read MPS format model from file Initial_problem_set/Test_prob_65.mps
Reading time = 0.01 seconds
obj: 50 rows, 1000 columns, 1000 nonzeros
Warning: parameter changes on this environment will not affect existing models.
Set parameter TimeLimit to value 360
Gurobi Optimizer version 12.0.0 build v12.0.0rc1 (linux64 - "Ubuntu 22.04.5 LTS")

CPU model: AMD Ryzen Threadripper PRO 5975WX 32-Cores, instruction set [SSE2|AVX|AVX2]
Thread count: 32 physical cores, 64 logical processors, using up to 32 threads

Academic license 2531729 - for non-commercial use only - registered to ns___@vols.utk.edu
Optimize a model with 50 rows, 1000 columns and 1000 nonzeros
Model fingerprint: 0x876150c0
Model has 33837 quadratic objective terms
Variable types: 0 continuous, 1000 integer (1000 binary)
Coefficient statistics:
  Matrix range     [1e+00, 1e+00]
  Objective range  [0e+00, 0e+00]
  QObjective range [2e+00, 2e+00]
  Bounds range     [1e+00, 1e+00]
  RHS range        [1e+00, 1e+00]
Found heuristic solution: objective 113.0000000
Presolve time: 0.57s
Presolved: 50 rows, 1000 columns, 1000 nonzeros
Presolved model has 34837 quadratic objective terms
Variable types: 0 continuous, 1000 integer (1000 binary)

Root relaxation: objective -4.426757e+02, 1042 iterations, 0.45 seconds (0.95 work units)

    Nodes    |    Current Node    |     Objective Bounds      |     Work
 Expl Unexpl |  Obj  Depth IntInf | Incumbent    BestBd   Gap | It/Node Time

H    0     0                      24.0000000    0.00000   100%     -    1s
H    0     0                       6.0000000    0.00000   100%     -    1s
H    0     0                       4.0000000    0.00000   100%     -    1s
H    0     0                       1.0000000    0.00000   100%     -    1s
H    0     0                       0.0000000    0.00000  0.00%     -    1s
     0     0    0.00000    0  911    0.00000    0.00000  0.00%     -    1s

Explored 1 nodes (1042 simplex iterations) in 1.03 seconds (1.47 work units)
Thread count was 32 (of 64 available processors)

Solution count 6: 0 1 4 ... 113

Optimal solution found (tolerance 1.00e-04)
Best objective 0.000000000000e+00, best bound 0.000000000000e+00, gap 0.0000%

Gurobi 12.0.0 (linux64) logging started Tue Feb 24 08:35:53 2026

Set parameter WLSAccessID
Set parameter WLSSecret
Set parameter LicenseID to value 2531729
Academic license 2531729 - for non-commercial use only - registered to ns___@vols.utk.edu
Set parameter OutputFlag to value 1
Read MPS format model from file Initial_problem_set/Test_prob_66.mps
Reading time = 0.00 seconds
obj: 3137 rows, 1998 columns, 8556 nonzeros
Warning: parameter changes on this environment will not affect existing models.
Set parameter TimeLimit to value 360
Gurobi Optimizer version 12.0.0 build v12.0.0rc1 (linux64 - "Ubuntu 22.04.5 LTS")

CPU model: AMD Ryzen Threadripper PRO 5975WX 32-Cores, instruction set [SSE2|AVX|AVX2]
Thread count: 32 physical cores, 64 logical processors, using up to 32 threads

Academic license 2531729 - for non-commercial use only - registered to ns___@vols.utk.edu
Optimize a model with 3137 rows, 1998 columns and 8556 nonzeros
Model fingerprint: 0x32fc2d22
Model has 6 quadratic objective terms
Variable types: 1536 continuous, 462 integer (462 binary)
Coefficient statistics:
  Matrix range     [1e+00, 4e+01]
  Objective range  [4e-03, 4e-03]
  QObjective range [8e-06, 8e-06]
  Bounds range     [1e+00, 1e+00]
  RHS range        [1e+00, 1e+00]
Found heuristic solution: objective 0.2210459
Presolve removed 6 rows and 6 columns
Presolve time: 0.02s
Presolved: 3131 rows, 1992 columns, 7026 nonzeros
Presolved model has 6 quadratic objective terms
Variable types: 0 continuous, 1992 integer (1986 binary)
Found heuristic solution: objective 0.0123845

Root relaxation: objective -8.333333e-01, 5567 iterations, 0.13 seconds (0.13 work units)

    Nodes    |    Current Node    |     Objective Bounds      |     Work
 Expl Unexpl |  Obj  Depth IntInf | Incumbent    BestBd   Gap | It/Node Time

     0     0   -0.83333    0 1992    0.01238   -0.83333  6829%     -    0s
H    0     0                      -0.1655481   -0.83333   403%     -    0s
H    0     0                      -0.1852331   -0.83333   350%     -    0s
H    0     0                      -0.2206507   -0.83333   278%     -    0s
     0     0   -0.74003    0 1469   -0.22065   -0.74003   235%     -    0s
H    0     0                      -0.4196323   -0.74003  76.4%     -    1s
H    0     0                      -0.4197641   -0.74003  76.3%     -    1s
H    0     0                      -0.4699687   -0.74003  57.5%     -    1s
H    0     0                      -0.4719682   -0.74003  56.8%     -    1s
H    0     0                      -0.5034643   -0.74003  47.0%     -    1s
H    0     0                      -0.5074013   -0.74003  45.8%     -    1s
H    0     2                      -0.5153450   -0.74003  43.6%     -    1s
     0     2   -0.74003    0 1469   -0.51535   -0.74003  43.6%     -    1s
H   33    60                      -0.5187395   -0.62507  20.5%  1067    1s
H   34    60                      -0.5296206   -0.62507  18.0%  1053    1s
H   39    59                      -0.5331003   -0.62507  17.3%  1001    1s
H   42    59                      -0.5428498   -0.62507  15.1%   978    1s
H   95    86                      -0.5518941   -0.59956  8.64%   780    1s
H  101    86                      -0.5519716   -0.59956  8.62%   758    1s
H  119    86                      -0.5534906   -0.59956  8.32%   692    1s
H  125    86                      -0.5534984   -0.59956  8.32%   676    1s
H  131   102                      -0.5600084   -0.59956  7.06%   660    1s

Explored 448 nodes (144947 simplex iterations) in 2.12 seconds (2.67 work units)
Thread count was 32 (of 64 available processors)

Solution count 10: -0.560008 -0.553498 -0.553491 ... -0.515345

Optimal solution found (tolerance 1.00e-04)
Best objective -5.600083700145e-01, best bound -5.600083700145e-01, gap 0.0000%

Gurobi 12.0.0 (linux64) logging started Tue Feb 24 08:36:12 2026

Set parameter WLSAccessID
Set parameter WLSSecret
Set parameter LicenseID to value 2531729
Academic license 2531729 - for non-commercial use only - registered to ns___@vols.utk.edu
Set parameter OutputFlag to value 1
Read MPS format model from file Initial_problem_set/Test_prob_67.mps
Reading time = 0.00 seconds
obj: 0 rows, 325 columns, 0 nonzeros
Warning: parameter changes on this environment will not affect existing models.
Set parameter TimeLimit to value 360
Gurobi Optimizer version 12.0.0 build v12.0.0rc1 (linux64 - "Ubuntu 22.04.5 LTS")

CPU model: AMD Ryzen Threadripper PRO 5975WX 32-Cores, instruction set [SSE2|AVX|AVX2]
Thread count: 32 physical cores, 64 logical processors, using up to 32 threads

Academic license 2531729 - for non-commercial use only - registered to ns___@vols.utk.edu
Optimize a model with 0 rows, 325 columns and 0 nonzeros
Model fingerprint: 0x7f44da8b
Model has 624 quadratic objective terms
Variable types: 0 continuous, 325 integer (325 binary)
Coefficient statistics:
  Matrix range     [0e+00, 0e+00]
  Objective range  [2e+00, 4e+00]
  QObjective range [4e+00, 4e+00]
  Bounds range     [1e+00, 1e+00]
  RHS range        [0e+00, 0e+00]
Found heuristic solution: objective -0.0000000
Found heuristic solution: objective 328.0000000
Found heuristic solution: objective 330.0000000
Presolve removed 0 rows and 26 columns
Presolve time: 0.01s
Presolved: 594 rows, 893 columns, 1782 nonzeros
Variable types: 0 continuous, 893 integer (893 binary)

Root relaxation: objective 4.200000e+02, 424 iterations, 0.00 seconds (0.00 work units)

    Nodes    |    Current Node    |     Objective Bounds      |     Work
 Expl Unexpl |  Obj  Depth IntInf | Incumbent    BestBd   Gap | It/Node Time

     0     0  420.00000    0  298  330.00000  420.00000  27.3%     -    0s
     0     0  401.00000    0  317  330.00000  401.00000  21.5%     -    0s
     0     0  400.50000    0  320  330.00000  400.50000  21.4%     -    0s
     0     0  384.29167    0  345  330.00000  384.29167  16.5%     -    0s
     0     0  384.00000    0  334  330.00000  384.00000  16.4%     -    0s
     0     0  373.16667    0  357  330.00000  373.16667  13.1%     -    0s
     0     0  373.16667    0  338  330.00000  373.16667  13.1%     -    0s
     0     2  373.16667    0  338  330.00000  373.16667  13.1%     -    0s
H 3389  2630                     332.0000000  340.81266  2.65%   103    3s
* 4680  2804              42     334.0000000  338.40066  1.32%   163    4s
  4978  2678  336.77882   24  547  334.00000  338.28843  1.28%   166    5s

Cutting planes:
  Gomory: 44
  MIR: 4
  Flow cover: 1
  Zero half: 528

Explored 7101 nodes (1331591 simplex iterations) in 6.32 seconds (12.50 work units)
Thread count was 32 (of 64 available processors)

Solution count 5: 334 332 330 ... -0

Optimal solution found (tolerance 1.00e-04)
Best objective 3.340000000000e+02, best bound 3.340000000000e+02, gap 0.0000%

Gurobi 12.0.0 (linux64) logging started Tue Feb 24 08:36:34 2026

Set parameter WLSAccessID
Set parameter WLSSecret
Set parameter LicenseID to value 2531729
Academic license 2531729 - for non-commercial use only - registered to ns___@vols.utk.edu
Set parameter OutputFlag to value 1
Read MPS format model from file Initial_problem_set/Test_prob_68.mps
Reading time = 0.00 seconds
obj: 3150 rows, 3020 columns, 9000 nonzeros
Warning: parameter changes on this environment will not affect existing models.
Set parameter TimeLimit to value 360
Gurobi Optimizer version 12.0.0 build v12.0.0rc1 (linux64 - "Ubuntu 22.04.5 LTS")

CPU model: AMD Ryzen Threadripper PRO 5975WX 32-Cores, instruction set [SSE2|AVX|AVX2]
Thread count: 32 physical cores, 64 logical processors, using up to 32 threads

Academic license 2531729 - for non-commercial use only - registered to ns___@vols.utk.edu
Optimize a model with 3150 rows, 3020 columns and 9000 nonzeros
Model fingerprint: 0xc17d4657
Model has 3000 quadratic objective terms
Variable types: 3000 continuous, 20 integer (20 binary)
Coefficient statistics:
  Matrix range     [1e+00, 1e+00]
  Objective range  [6e+00, 1e+02]
  QObjective range [1e+00, 1e+02]
  Bounds range     [1e+00, 1e+00]
  RHS range        [1e+00, 1e+00]
Found heuristic solution: objective 4902.1224742
Presolve time: 0.02s
Presolved: 3150 rows, 3020 columns, 9000 nonzeros
Presolved model has 3000 quadratic objective terms
Variable types: 3000 continuous, 20 integer (20 binary)

Root relaxation: objective 2.263441e+02, 4410 iterations, 0.11 seconds (0.16 work units)

    Nodes    |    Current Node    |     Objective Bounds      |     Work
 Expl Unexpl |  Obj  Depth IntInf | Incumbent    BestBd   Gap | It/Node Time

H    0     0                    4742.8491374  226.34410  95.2%     -    0s
     0     0  226.34410    0   20 4742.84914  226.34410  95.2%     -    0s
H    0     0                    1222.8077890  226.34410  81.5%     -    0s
     0     0  226.54080    0   20 1222.80779  226.54080  81.5%     -    0s
     0     0  556.86851    0    3 1222.80779  556.86851  54.5%     -    0s
H    0     0                     618.6154644  556.86851  10.0%     -    0s
     0     0  556.86851    0    3  618.61546  556.86851  10.0%     -    0s
H    0     0                     618.6080954  556.86851  10.0%     -    0s
H    0     0                     557.8486560  556.86851  0.18%     -    0s
     0     2  556.86851    0    3  557.84866  556.86851  0.18%     -    0s

Explored 7 nodes (4410 simplex iterations) in 1.17 seconds (1.09 work units)
Thread count was 32 (of 64 available processors)

Solution count 3: 557.849 618.608 1222.81 
No other solutions better than 557.849

Optimal solution found (tolerance 1.00e-04)
Best objective 5.578486509224e+02, best bound 5.578486559599e+02, gap 0.0000%

Gurobi 12.0.0 (linux64) logging started Tue Feb 24 08:36:58 2026

Set parameter WLSAccessID
Set parameter WLSSecret
Set parameter LicenseID to value 2531729
Academic license 2531729 - for non-commercial use only - registered to ns___@vols.utk.edu
Set parameter OutputFlag to value 1
Read MPS format model from file Initial_problem_set/Test_prob_69.mps
Reading time = 0.00 seconds
obj: 1 rows, 80 columns, 80 nonzeros
Warning: parameter changes on this environment will not affect existing models.
Set parameter TimeLimit to value 360
Gurobi Optimizer version 12.0.0 build v12.0.0rc1 (linux64 - "Ubuntu 22.04.5 LTS")

CPU model: AMD Ryzen Threadripper PRO 5975WX 32-Cores, instruction set [SSE2|AVX|AVX2]
Thread count: 32 physical cores, 64 logical processors, using up to 32 threads

Academic license 2531729 - for non-commercial use only - registered to ns___@vols.utk.edu
Optimize a model with 1 rows, 80 columns and 80 nonzeros
Model fingerprint: 0x5f5b7d0a
Model has 2844 quadratic objective terms
Variable types: 0 continuous, 80 integer (80 binary)
Coefficient statistics:
  Matrix range     [2e+00, 5e+01]
  Objective range  [0e+00, 0e+00]
  QObjective range [2e+00, 2e+02]
  Bounds range     [1e+00, 1e+00]
  RHS range        [2e+03, 2e+03]
Found heuristic solution: objective 0.0000000
Presolve time: 0.08s
Presolved: 1 rows, 80 columns, 80 nonzeros
Presolved model has 2924 quadratic objective terms
Variable types: 0 continuous, 80 integer (80 binary)
Found heuristic solution: objective -85898.00000

Root relaxation: objective -1.189240e+05, 159 iterations, 0.00 seconds (0.00 work units)

    Nodes    |    Current Node    |     Objective Bounds      |     Work
 Expl Unexpl |  Obj  Depth IntInf | Incumbent    BestBd   Gap | It/Node Time

H    0     0                    -94475.00000 -118923.99  25.9%     -    0s
     0     0 -117394.53    0   45 -94475.000 -117394.53  24.3%     -    0s
H    0     0                    -109105.0000 -117394.53  7.60%     -    0s
H    0     0                    -110579.0000 -117394.53  6.16%     -    0s
H    0     0                    -110683.0000 -117394.53  6.06%     -    0s
H    0     0                    -110942.0000 -117394.53  5.82%     -    0s
     0     0 -117394.53    0   45 -110942.00 -117394.53  5.82%     -    0s
     0     2 -117394.53    0   45 -110942.00 -117394.53  5.82%     -    0s
 515056 23063 -111116.83   31   32 -110942.00 -111243.02  0.27%   3.2    5s

Explored 577619 nodes (1869589 simplex iterations) in 5.41 seconds (11.35 work units)
Thread count was 32 (of 64 available processors)

Solution count 7: -110942 -110683 -110579 ... 0
No other solutions better than -110942

Optimal solution found (tolerance 1.00e-04)
Best objective -1.109420000000e+05, best bound -1.109420000000e+05, gap 0.0000%

Gurobi 12.0.0 (linux64) logging started Tue Feb 24 08:49:06 2026

Set parameter WLSAccessID
Set parameter WLSSecret
Set parameter LicenseID to value 2531729
Academic license 2531729 - for non-commercial use only - registered to ns___@vols.utk.edu
Set parameter OutputFlag to value 1
Read MPS format model from file Initial_problem_set/Test_prob_72.mps
Reading time = 0.00 seconds
obj: 64 rows, 192 columns, 192 nonzeros
Warning: parameter changes on this environment will not affect existing models.
Set parameter TimeLimit to value 360
Gurobi Optimizer version 12.0.0 build v12.0.0rc1 (linux64 - "Ubuntu 22.04.5 LTS")

CPU model: AMD Ryzen Threadripper PRO 5975WX 32-Cores, instruction set [SSE2|AVX|AVX2]
Thread count: 32 physical cores, 64 logical processors, using up to 32 threads

Academic license 2531729 - for non-commercial use only - registered to ns___@vols.utk.edu
Optimize a model with 64 rows, 192 columns and 192 nonzeros
Model fingerprint: 0xa96dcc16
Model has 576 quadratic objective terms
Variable types: 0 continuous, 192 integer (192 binary)
Coefficient statistics:
  Matrix range     [1e+00, 1e+00]
  Objective range  [0e+00, 0e+00]
  QObjective range [2e+00, 2e+00]
  Bounds range     [1e+00, 1e+00]
  RHS range        [1e+00, 1e+00]
Found heuristic solution: objective 0.0000000
Presolve time: 0.00s
Presolved: 640 rows, 768 columns, 1920 nonzeros
Variable types: 0 continuous, 768 integer (768 binary)

Root relaxation: objective -9.600000e+01, 188 iterations, 0.00 seconds (0.00 work units)

    Nodes    |    Current Node    |     Objective Bounds      |     Work
 Expl Unexpl |  Obj  Depth IntInf | Incumbent    BestBd   Gap | It/Node Time

     0     0  -96.00000    0  128    0.00000  -96.00000      -     -    0s
H    0     0                     -32.0000000  -96.00000   200%     -    0s
H    0     0                     -56.0000000  -96.00000  71.4%     -    0s
H    0     0                     -58.0000000  -96.00000  65.5%     -    0s
     0     0  -94.00000    0  199  -58.00000  -94.00000  62.1%     -    0s
     0     0  -86.34091    0  261  -58.00000  -86.34091  48.9%     -    0s
     0     0  -84.82911    0  261  -58.00000  -84.82911  46.3%     -    0s
     0     0  -84.82836    0  262  -58.00000  -84.82836  46.3%     -    0s
     0     0  -79.97253    0  274  -58.00000  -79.97253  37.9%     -    0s
     0     0  -79.68750    0  250  -58.00000  -79.68750  37.4%     -    0s
     0     0  -76.69231    0  276  -58.00000  -76.69231  32.2%     -    0s
     0     0  -76.69231    0  264  -58.00000  -76.69231  32.2%     -    0s
     0     2  -76.64103    0  263  -58.00000  -76.64103  32.1%     -    0s
*  568   569              27     -59.0000000  -73.62500  24.8%   134    0s
*  569   569              27     -60.0000000  -73.62500  22.7%   134    0s
H  789   716                     -61.0000000  -73.62500  20.7%   125    0s
*  900   826              17     -62.0000000  -72.91667  17.6%   123    0s
H 1025   846                     -63.0000000  -72.91667  15.7%   122    0s
* 1061   867              23     -64.0000000  -72.91667  13.9%   121    0s
* 1659  1018              21     -65.0000000  -71.97158  10.7%   118    0s

Cutting planes:
  Gomory: 5
  Cover: 2
  MIR: 1
  Inf proof: 6
  Zero half: 214
  RLT: 9

Explored 9805 nodes (1105882 simplex iterations) in 1.97 seconds (3.03 work units)
Thread count was 32 (of 64 available processors)

Solution count 10: -65 -64 -63 ... -32
No other solutions better than -65

Optimal solution found (tolerance 1.00e-04)
Best objective -6.500000000000e+01, best bound -6.500000000000e+01, gap 0.0000%

Gurobi 12.0.0 (linux64) logging started Tue Feb 24 09:02:19 2026

Set parameter WLSAccessID
Set parameter WLSSecret
Set parameter LicenseID to value 2531729
Academic license 2531729 - for non-commercial use only - registered to ns___@vols.utk.edu
Set parameter OutputFlag to value 1
Read MPS format model from file Initial_problem_set/Test_prob_73.mps
Reading time = 0.00 seconds
obj: 46 rows, 240 columns, 480 nonzeros
Warning: parameter changes on this environment will not affect existing models.
Set parameter TimeLimit to value 360
Gurobi Optimizer version 12.0.0 build v12.0.0rc1 (linux64 - "Ubuntu 22.04.5 LTS")

CPU model: AMD Ryzen Threadripper PRO 5975WX 32-Cores, instruction set [SSE2|AVX|AVX2]
Thread count: 32 physical cores, 64 logical processors, using up to 32 threads

Academic license 2531729 - for non-commercial use only - registered to ns___@vols.utk.edu
Optimize a model with 46 rows, 240 columns and 480 nonzeros
Model fingerprint: 0x863d0998
Model has 3648 quadratic objective terms
Variable types: 0 continuous, 240 integer (240 binary)
Coefficient statistics:
  Matrix range     [1e+00, 2e+02]
  Objective range  [0e+00, 0e+00]
  QObjective range [2e+02, 1e+03]
  Bounds range     [1e+00, 1e+00]
  RHS range        [1e+00, 2e+02]
Presolve time: 0.02s
Presolved: 3694 rows, 3888 columns, 11424 nonzeros
Variable types: 0 continuous, 3888 integer (3888 binary)
Found heuristic solution: objective 17207.000000
Found heuristic solution: objective 16273.000000

Root relaxation: objective 0.000000e+00, 272 iterations, 0.01 seconds (0.01 work units)

    Nodes    |    Current Node    |     Objective Bounds      |     Work
 Expl Unexpl |  Obj  Depth IntInf | Incumbent    BestBd   Gap | It/Node Time

     0     0    0.00000    0   73 16273.0000    0.00000   100%     -    0s
     0     0    0.00000    0   73 16273.0000    0.00000   100%     -    0s
     0     0  316.33858    0   80 16273.0000  316.33858  98.1%     -    0s
     0     0 2870.92502    0  126 16273.0000 2870.92502  82.4%     -    0s
     0     0 2963.09105    0  156 16273.0000 2963.09105  81.8%     -    0s
     0     0 2966.93264    0  101 16273.0000 2966.93264  81.8%     -    0s
     0     0 12063.7010    0  495 16273.0000 12063.7010  25.9%     -    0s
     0     0 12515.2143    0  631 16273.0000 12515.2143  23.1%     -    0s
H    0     0                    16207.000000 13504.0000  16.7%     -    1s
     0     0 13504.0000    0  690 16207.0000 13504.0000  16.7%     -    1s
     0     0 13504.0000    0  676 16207.0000 13504.0000  16.7%     -    1s
     0     2 13507.9260    0  671 16207.0000 13507.9260  16.7%     -    1s
H   36    64                    16145.000000 13784.8748  14.6%   561    1s
H  173   200                    16114.000000 13870.3202  13.9%   357    2s
H  344   359                    16084.000000 13870.3202  13.8%   284    2s
H  618   592                    16022.000000 13981.9464  12.7%   267    2s
H  711   642                    16013.000000 13992.7563  12.6%   266    3s
H  861   788                    15963.000000 13992.7563  12.3%   258    3s
H  901   788                    15941.000000 13992.7563  12.2%   253    3s
H  906   788                    15927.000000 13992.7563  12.1%   252    3s
H 1086   935                    15924.000000 13992.7563  12.1%   242    3s
H 1300  1120                    15907.000000 13992.7563  12.0%   230    4s
H 1527  1314                    15800.000000 14119.6451  10.6%   224    4s
H 1750  1443                    15780.000000 14119.6451  10.5%   221    4s
  2072  1715 15391.0321   39  323 15780.0000 14119.6451  10.5%   217    5s
* 2358  1795              31    15777.000000 14119.6451  10.5%   212    5s
  4193  2633 14940.7345   16  996 15777.0000 14482.9049  8.20%   204   10s
  4207  2642 15192.6258   20 1141 15777.0000 14522.4807  7.95%   203   15s
  4219  2650 15735.3639   25 1173 15777.0000 14552.4533  7.76%   203   20s
  4229  2657 15289.3581   22 1177 15777.0000 14638.8907  7.21%   202   25s
  4502  2839 14933.3338   23  755 15777.0000 14638.8907  7.21%   236   30s
  4817  2959 14902.1940   27  797 15777.0000 14724.2894  6.67%   261   35s
H 5338  2975                    15730.000000 14794.0149  5.95%   286   38s
  5984  3042 15641.3404   35  521 15730.0000 14968.5142  4.84%   309   40s
H 6140  2907                    15723.000000 14968.5142  4.80%   315   40s
H 6149  2783                    15717.000000 14968.5142  4.76%   316   40s
* 6215  2752              42    15713.000000 14968.5142  4.74%   315   41s
H 6455  2581                    15668.000000 15003.8704  4.24%   321   41s
  7958  2610 15359.0452   23  548 15668.0000 15060.7632  3.88%   344   45s
H 7974  2500                    15667.000000 15060.7632  3.87%   344   45s
* 7983  2387              48    15661.000000 15060.7632  3.83%   344   45s
 10461  2341 15438.4852   32  455 15661.0000 15222.7272  2.80%   365   50s
H13567  2667                    15656.000000 15303.2001  2.25%   364   53s
 14870  2816 15574.4741   25  524 15656.0000 15330.3588  2.08%   362   55s
*16297  2592              35    15611.000000 15364.4883  1.58%   361   57s
 19025  1517     cutoff   39      15611.0000 15448.0548  1.04%   365   60s
*19372  1386              34    15595.000000 15454.0350  0.90%   364   60s

Cutting planes:
  Gomory: 1
  Cover: 16
  Dual implied bound: 3
  Clique: 1
  MIR: 47
  StrongCG: 12
  Flow cover: 3
  Inf proof: 1
  Zero half: 4
  RLT: 880
  BQP: 593

Explored 21535 nodes (7509206 simplex iterations) in 61.15 seconds (148.66 work units)
Thread count was 32 (of 64 available processors)

Solution count 10: 15595 15611 15656 ... 15730

Optimal solution found (tolerance 1.00e-04)
Best objective 1.559500000000e+04, best bound 1.559500000000e+04, gap 0.0000%

Gurobi 12.0.0 (linux64) logging started Tue Feb 24 09:21:29 2026

Set parameter WLSAccessID
Set parameter WLSSecret
Set parameter LicenseID to value 2531729
Academic license 2531729 - for non-commercial use only - registered to ns___@vols.utk.edu
Set parameter OutputFlag to value 1
Read MPS format model from file Initial_problem_set/Test_prob_87.mps
Reading time = 0.00 seconds
obj: 1366 rows, 2059 columns, 8879 nonzeros
Warning: parameter changes on this environment will not affect existing models.
Set parameter TimeLimit to value 360
Gurobi Optimizer version 12.0.0 build v12.0.0rc1 (linux64 - "Ubuntu 22.04.5 LTS")

CPU model: AMD Ryzen Threadripper PRO 5975WX 32-Cores, instruction set [SSE2|AVX|AVX2]
Thread count: 32 physical cores, 64 logical processors, using up to 32 threads

Academic license 2531729 - for non-commercial use only - registered to ns___@vols.utk.edu
Optimize a model with 1366 rows, 2059 columns and 8879 nonzeros
Model fingerprint: 0x2f525427
Model has 683 quadratic constraints
Variable types: 1376 continuous, 683 integer (683 binary)
Coefficient statistics:
  Matrix range     [1e+00, 1e+01]
  QMatrix range    [1e+00, 1e+00]
  Objective range  [1e+00, 1e+00]
  Bounds range     [1e+00, 1e+00]
  RHS range        [1e+00, 1e+00]
Presolve removed 683 rows and 683 columns
Presolve time: 0.00s
Presolved: 683 rows, 1376 columns, 7513 nonzeros
Presolved model has 683 SOS constraint(s)
Variable types: 693 continuous, 683 integer (683 binary)

Root relaxation: objective 0.000000e+00, 72 iterations, 0.00 seconds (0.00 work units)

    Nodes    |    Current Node    |     Objective Bounds      |     Work
 Expl Unexpl |  Obj  Depth IntInf | Incumbent    BestBd   Gap | It/Node Time

     0     0    0.00000    0   46          -    0.00000      -     -    0s
     0     0    0.00000    0   46          -    0.00000      -     -    0s
     0     0    0.00000    0   40          -    0.00000      -     -    0s
     0     0    0.00000    0   40          -    0.00000      -     -    0s
H    0     0                      35.0000000    0.00000   100%     -    0s
H    0     0                      34.0000000    0.00000   100%     -    0s
H    0     0                      33.0000000    0.00000   100%     -    0s
H    0     2                      32.0000000    0.00000   100%     -    0s
     0     2    0.00000    0   40   32.00000    0.00000   100%     -    0s
H    1     4                      25.0000000    0.00000   100%   0.0    0s
H   63    96                      16.0000000    0.00000   100%  39.4    0s
H 1174   617                      15.0000000    1.00000  93.3%  49.6    0s
H 5121  1773                      14.0000000    2.00000  85.7%  38.8    0s
H 5854  1681                      11.0000000    2.00000  81.8%  38.9    0s
 296632 24426 infeasible   32        11.00000    7.00000  36.4%  35.4    5s

Explored 495170 nodes (18093667 simplex iterations) in 8.17 seconds (19.23 work units)
Thread count was 32 (of 64 available processors)

Solution count 9: 11 14 15 ... 35

Optimal solution found (tolerance 1.00e-04)
Best objective 1.100000000000e+01, best bound 1.100000000000e+01, gap 0.0000%

Gurobi 12.0.0 (linux64) logging started Tue Feb 24 09:21:48 2026

Set parameter WLSAccessID
Set parameter WLSSecret
Set parameter LicenseID to value 2531729
Academic license 2531729 - for non-commercial use only - registered to ns___@vols.utk.edu
Set parameter OutputFlag to value 1
Read MPS format model from file Initial_problem_set/Test_prob_89.mps
Reading time = 0.00 seconds
obj: 1040 rows, 1025 columns, 3000 nonzeros
Warning: parameter changes on this environment will not affect existing models.
Set parameter TimeLimit to value 360
Gurobi Optimizer version 12.0.0 build v12.0.0rc1 (linux64 - "Ubuntu 22.04.5 LTS")

CPU model: AMD Ryzen Threadripper PRO 5975WX 32-Cores, instruction set [SSE2|AVX|AVX2]
Thread count: 32 physical cores, 64 logical processors, using up to 32 threads

Academic license 2531729 - for non-commercial use only - registered to ns___@vols.utk.edu
Optimize a model with 1040 rows, 1025 columns and 3000 nonzeros
Model fingerprint: 0x3467dd55
Model has 1000 quadratic objective terms
Variable types: 1000 continuous, 25 integer (25 binary)
Coefficient statistics:
  Matrix range     [1e+00, 1e+00]
  Objective range  [6e+00, 1e+02]
  QObjective range [1e+00, 1e+02]
  Bounds range     [1e+00, 1e+00]
  RHS range        [1e+00, 1e+00]
Found heuristic solution: objective 2209.3587006
Presolve time: 0.01s
Presolved: 1040 rows, 1025 columns, 3000 nonzeros
Presolved model has 1000 quadratic objective terms
Variable types: 1000 continuous, 25 integer (25 binary)
Found heuristic solution: objective 2090.3587006

Root relaxation: objective 7.687035e+01, 1779 iterations, 0.04 seconds (0.04 work units)

    Nodes    |    Current Node    |     Objective Bounds      |     Work
 Expl Unexpl |  Obj  Depth IntInf | Incumbent    BestBd   Gap | It/Node Time

     0     0   76.87035    0   25 2090.35870   76.87035  96.3%     -    0s
H    0     0                    1155.6337994   76.87035  93.3%     -    0s
H    0     0                     424.4198153   76.87035  81.9%     -    0s
H    0     0                     423.9799722   76.87035  81.9%     -    0s
     0     0   77.41924    0   25  423.97997   77.41924  81.7%     -    0s
     0     0   77.41924    0    -  423.97997   77.41924  81.7%     -    0s
     0     0   77.41924    0    -  423.97997   77.41924  81.7%     -    0s
     0     0   77.41924    0    -  423.97997   77.41924  81.7%     -    0s
     0     0   77.41924    0    -  423.97997   77.41924  81.7%     -    0s
     0     0   77.41924    0    -  423.97997   77.41924  81.7%     -    0s
     0     0   77.41924    0    -  423.97997   77.41924  81.7%     -    0s
     0     0   77.41924    0    -  423.97997   77.41924  81.7%     -    0s
     0     0   77.41924    0    -  423.97997   77.41924  81.7%     -    0s
     0     0   77.41924    0    -  423.97997   77.41924  81.7%     -    0s
     0     0   77.41924    0    -  423.97997   77.41924  81.7%     -    0s
     0     0   77.41924    0    -  423.97997   77.41924  81.7%     -    0s
     0     0   77.41924    0    -  423.97997   77.41924  81.7%     -    0s
     0     0   77.41924    0    -  423.97997   77.41924  81.7%     -    0s
     0     0   77.41924    0    -  423.97997   77.41924  81.7%     -    0s
     0     0   77.41924    0    -  423.97997   77.41924  81.7%     -    0s
     0     0   77.41924    0    -  423.97997   77.41924  81.7%     -    0s
     0     0   77.41924    0    -  423.97997   77.41924  81.7%     -    0s
     0     0   77.41924    0    -  423.97997   77.41924  81.7%     -    0s
     0     0   77.41924    0    -  423.97997   77.41924  81.7%     -    0s
     0     0   77.41924    0    -  423.97997   77.41924  81.7%     -    0s
     0     0   77.41924    0    -  423.97997   77.41924  81.7%     -    0s
     0     0   77.41924    0    -  423.97997   77.41924  81.7%     -    0s
     0     0   77.41924    0    -  423.97997   77.41924  81.7%     -    0s
     0     0   77.41924    0    -  423.97997   77.41924  81.7%     -    0s
     0     0   77.41924    0    -  423.97997   77.41924  81.7%     -    0s
     0     0   77.41924    0    -  423.97997   77.41924  81.7%     -    0s
     0     0   77.41924    0    -  423.97997   77.41924  81.7%     -    0s
     0     0   77.41924    0    -  423.97997   77.41924  81.7%     -    0s
     0     0   77.41924    0    -  423.97997   77.41924  81.7%     -    0s
     0     0   77.41924    0    -  423.97997   77.41924  81.7%     -    0s
     0     0   78.00000    0    -  423.97997   78.00000  81.6%     -    0s
     0     0   81.16015    0    -  423.97997   81.16015  80.9%     -    0s
     0     0   84.00000    0    -  423.97997   84.00000  80.2%     -    0s
     0     0   84.02971    0    -  423.97997   84.02971  80.2%     -    0s
     0     0   85.00000    0    -  423.97997   85.00000  80.0%     -    0s
     0     0   87.00000    0    -  423.97997   87.00000  79.5%     -    0s
     0     0   87.00000    0    -  423.97997   87.00000  79.5%     -    0s
     0     0   92.49939    0    -  423.97997   92.49939  78.2%     -    0s
     0     0   94.00000    0    -  423.97997   94.00000  77.8%     -    0s
     0     0   99.00000    0    -  423.97997   99.00000  76.6%     -    0s
     0     0  101.75193    0    2  423.97997  101.75193  76.0%     -    0s
     0     0  106.16245    0    -  423.97997  106.16245  75.0%     -    0s
     0     0  118.33374    0    -  423.97997  118.33374  72.1%     -    0s
     0     0  125.89344    0    6  423.97997  125.89344  70.3%     -    0s
     0     0  131.37397    0    -  423.97997  131.37397  69.0%     -    0s
     0     0  132.11879    0    -  423.97997  132.11879  68.8%     -    0s
     0     0  134.35355    0    -  423.97997  134.35355  68.3%     -    0s
     0     0  139.14048    0    -  423.97997  139.14048  67.2%     -    0s
     0     0  142.19844    0    3  423.97997  142.19844  66.5%     -    0s
     0     0  142.22092    0    -  423.97997  142.22092  66.5%     -    0s
     0     0  146.87236    0    2  423.97997  146.87236  65.4%     -    0s
     0     0  168.00041    0    4  423.97997  168.00041  60.4%     -    0s
     0     0  168.28876    0    4  423.97997  168.28876  60.3%     -    0s
     0     0  182.89897    0    4  423.97997  182.89897  56.9%     -    0s
     0     0  183.00507    0    4  423.97997  183.00507  56.8%     -    0s
H    0     0                     205.9628489  192.05035  6.75%     -    0s
     0     0  192.05035    0    4  205.96285  192.05035  6.75%     -    0s
H    0     0                     198.2566481  192.05035  3.13%     -    0s
H    0     0                     197.7472547  194.39991  1.69%     -    0s
     0     0  194.39991    0    5  197.74725  194.39991  1.69%     -    0s
     0     0  195.43173    0    5  197.74725  195.43173  1.17%     -    0s
     0     0  195.86892    0    5  197.74725  195.86892  0.95%     -    0s
     0     0  196.07889    0    3  197.74725  196.07889  0.84%     -    0s
     0     0  196.19364    0    4  197.74725  196.19364  0.79%     -    0s
     0     0  196.24171    0    5  197.74725  196.24171  0.76%     -    0s
     0     0  196.24171    0    5  197.74725  196.24171  0.76%     -    0s
H    0     0                     197.4335978  196.24171  0.60%     -    0s
     0     0  196.24171    0    4  197.43360  196.24171  0.60%     -    0s
     0     0  196.25986    0    4  197.43360  196.25986  0.59%     -    1s
     0     0  196.27790    0    5  197.43360  196.27790  0.59%     -    1s
     0     0  196.27807    0    5  197.43360  196.27807  0.59%     -    1s
     0     0  196.32944    0    5  197.43360  196.32944  0.56%     -    1s
     0     0  196.33018    0    5  197.43360  196.33018  0.56%     -    1s
     0     0  196.35786    0    5  197.43360  196.35786  0.54%     -    1s
     0     0  196.35888    0    5  197.43360  196.35888  0.54%     -    1s
     0     0  196.38210    0    5  197.43360  196.38210  0.53%     -    1s
     0     0  196.38337    0    5  197.43360  196.38337  0.53%     -    1s
     0     0  196.39922    0    5  197.43360  196.39922  0.52%     -    1s
     0     0  196.39954    0    5  197.43360  196.39954  0.52%     -    1s
     0     0  196.40607    0    5  197.43360  196.40607  0.52%     -    1s
     0     0  196.40641    0    5  197.43360  196.40641  0.52%     -    1s
     0     0  196.42437    0    5  197.43360  196.42437  0.51%     -    1s
     0     0  196.42437    0    5  197.43360  196.42437  0.51%     -    1s
     0     0  196.42437    0    5  197.43360  196.42437  0.51%     -    1s
     0     0  196.42437    0    5  197.43360  196.42437  0.51%     -    1s
     0     0  196.42437    0    4  197.43360  196.42437  0.51%     -    1s
     0     0  196.42437    0    5  197.43360  196.42437  0.51%     -    1s
     0     0  196.42437    0    5  197.43360  196.42437  0.51%     -    1s
     0     0  196.42437    0    5  197.43360  196.42437  0.51%     -    1s
     0     0  196.42437    0    5  197.43360  196.42437  0.51%     -    1s
     0     0  196.42437    0    5  197.43360  196.42437  0.51%     -    1s
     0     0  196.42437    0    5  197.43360  196.42437  0.51%     -    1s
     0     2  196.42437    0    5  197.43360  196.42437  0.51%     -    1s
H   28     0                     197.3339090  196.78495  0.28%   181    2s
*   28     0               7     197.3339090  196.87035  0.23%   187    2s

Cutting planes:
  MIR: 6

Explored 36 nodes (35510 simplex iterations) in 2.17 seconds (2.71 work units)
Thread count was 32 (of 64 available processors)

Solution count 6: 197.334 197.434 198.257 ... 2090.36

Optimal solution found (tolerance 1.00e-04)
Best objective 1.973338816023e+02, best bound 1.973266275585e+02, gap 0.0037%

Gurobi 12.0.0 (linux64) logging started Tue Feb 24 09:22:22 2026

Set parameter WLSAccessID
Set parameter WLSSecret
Set parameter LicenseID to value 2531729
Academic license 2531729 - for non-commercial use only - registered to ns___@vols.utk.edu
Set parameter OutputFlag to value 1
Read MPS format model from file Initial_problem_set/Test_prob_90.mps
Reading time = 0.00 seconds
obj: 4650 rows, 4530 columns, 13500 nonzeros
Warning: parameter changes on this environment will not affect existing models.
Set parameter TimeLimit to value 360
Gurobi Optimizer version 12.0.0 build v12.0.0rc1 (linux64 - "Ubuntu 22.04.5 LTS")

CPU model: AMD Ryzen Threadripper PRO 5975WX 32-Cores, instruction set [SSE2|AVX|AVX2]
Thread count: 32 physical cores, 64 logical processors, using up to 32 threads

Academic license 2531729 - for non-commercial use only - registered to ns___@vols.utk.edu
Optimize a model with 4650 rows, 4530 columns and 13500 nonzeros
Model fingerprint: 0xe29d67ff
Model has 4500 quadratic objective terms
Variable types: 4500 continuous, 30 integer (30 binary)
Coefficient statistics:
  Matrix range     [1e+00, 1e+00]
  Objective range  [7e+00, 9e+01]
  QObjective range [1e+00, 1e+02]
  Bounds range     [1e+00, 1e+00]
  RHS range        [1e+00, 1e+00]
Found heuristic solution: objective 5191.9729691
Presolve time: 0.02s
Presolved: 4650 rows, 4530 columns, 13500 nonzeros
Presolved model has 4500 quadratic objective terms
Variable types: 4500 continuous, 30 integer (30 binary)

Root relaxation: objective 1.589265e+02, 6882 iterations, 0.40 seconds (0.46 work units)

    Nodes    |    Current Node    |     Objective Bounds      |     Work
 Expl Unexpl |  Obj  Depth IntInf | Incumbent    BestBd   Gap | It/Node Time

     0     0  158.92648    0   30 5191.97297  158.92648  96.9%     -    0s
H    0     0                    1499.8726017  158.92648  89.4%     -    0s
     0     0  159.13756    0   30 1499.87260  159.13756  89.4%     -    0s
     0     0  429.59615    0    2 1499.87260  429.59615  71.4%     -    0s
H    0     0                     469.7983058  429.59615  8.56%     -    0s
     0     0  429.59632    0    3  469.79831  429.59632  8.56%     -    1s
H    0     0                     444.2402653  429.59632  3.30%     -    1s
     0     2  429.59632    0    2  444.24027  429.59632  3.30%     -    1s
*    4     2               2     431.0064884  429.60200  0.33%   0.0    2s
*    5     1               2     430.5765573  430.57656  0.00%   0.0    2s

Explored 7 nodes (6882 simplex iterations) in 2.46 seconds (1.97 work units)
Thread count was 32 (of 64 available processors)

Solution count 4: 430.577 431.006 469.798 1499.87 
No other solutions better than 430.577

Optimal solution found (tolerance 1.00e-04)
Best objective 4.305765425820e+02, best bound 4.305765573030e+02, gap 0.0000%

Gurobi 12.0.0 (linux64) logging started Tue Feb 24 09:26:57 2026

Set parameter WLSAccessID
Set parameter WLSSecret
Set parameter LicenseID to value 2531729
Academic license 2531729 - for non-commercial use only - registered to ns___@vols.utk.edu
Set parameter OutputFlag to value 1
Read MPS format model from file Initial_problem_set/Test_prob_95.mps
Reading time = 0.00 seconds
obj: 0 rows, 630 columns, 0 nonzeros
Warning: parameter changes on this environment will not affect existing models.
Set parameter TimeLimit to value 360
Gurobi Optimizer version 12.0.0 build v12.0.0rc1 (linux64 - "Ubuntu 22.04.5 LTS")

CPU model: AMD Ryzen Threadripper PRO 5975WX 32-Cores, instruction set [SSE2|AVX|AVX2]
Thread count: 32 physical cores, 64 logical processors, using up to 32 threads

Academic license 2531729 - for non-commercial use only - registered to ns___@vols.utk.edu
Optimize a model with 0 rows, 630 columns and 0 nonzeros
Model fingerprint: 0x382f350d
Model has 1224 quadratic objective terms
Variable types: 0 continuous, 630 integer (630 binary)
Coefficient statistics:
  Matrix range     [0e+00, 0e+00]
  Objective range  [2e+00, 4e+00]
  QObjective range [4e+00, 4e+00]
  Bounds range     [1e+00, 1e+00]
  RHS range        [0e+00, 0e+00]
Found heuristic solution: objective -0.0000000
Found heuristic solution: objective 598.0000000
Presolve removed 0 rows and 36 columns
Presolve time: 0.09s
Presolved: 1184 rows, 1778 columns, 3552 nonzeros
Variable types: 0 continuous, 1778 integer (1778 binary)

Root relaxation: objective 7.580000e+02, 809 iterations, 0.00 seconds (0.00 work units)

    Nodes    |    Current Node    |     Objective Bounds      |     Work
 Expl Unexpl |  Obj  Depth IntInf | Incumbent    BestBd   Gap | It/Node Time

     0     0  758.00000    0  593  598.00000  758.00000  26.8%     -    0s
     0     0  724.00000    0  628  598.00000  724.00000  21.1%     -    0s
     0     0  702.04167    0  666  598.00000  702.04167  17.4%     -    0s
     0     0  702.04167    0  656  598.00000  702.04167  17.4%     -    0s
     0     2  702.04167    0  656  598.00000  702.04167  17.4%     -    0s
  6119  5535  623.23689    7 1225  598.00000  623.23689  4.22%  67.8    5s
  6138  5548  615.33816   51 1254  598.00000  615.33816  2.90%  67.6   10s
  6160  5564  612.56237   20 1159  598.00000  612.56237  2.44%  76.8   15s
  6435  5811  607.44034   35 1122  598.00000  611.47088  2.25%   141   20s
H 7247  5897                     600.0000000  611.21408  1.87%   231   24s
  7395  5976  603.58778   45 1043  600.00000  611.21408  1.87%   241   25s
H 7870  5822                     602.0000000  610.91711  1.48%   266   27s
  8359  5891  609.28950   34 1121  602.00000  610.82908  1.47%   292   30s
  9572  5842  605.78950   44 1014  602.00000  610.28523  1.38%   342   35s
 10848  5884     cutoff   42       602.00000  609.80620  1.30%   380   40s
 12146  5905  606.63301   37 1099  602.00000  609.42927  1.23%   414   45s
 13505  6005  607.26393   37 1073  602.00000  609.15347  1.19%   453   50s
 14787  5877     cutoff   39       602.00000  608.84311  1.14%   484   55s
 16403  5930  606.50018   37 1092  602.00000  608.54672  1.09%   509   61s
 17857  5916  604.49753   40 1048  602.00000  608.41868  1.07%   524   65s
 19609  5713  604.54566   39 1097  602.00000  608.18925  1.03%   539   70s
 20900  5540  606.84901   37 1108  602.00000  608.06850  1.01%   548   75s
 22749  5759  605.73975   37 1099  602.00000  607.89725  0.98%   556   81s
 24338  6061     cutoff   43       602.00000  607.75471  0.96%   564   86s
 26142  6450  606.63792   37 1116  602.00000  607.63050  0.94%   569   90s
 27979  6807     cutoff   40       602.00000  607.49728  0.91%   576   95s
 30081  6976     cutoff   43       602.00000  607.34544  0.89%   581  100s
 32068  7140     cutoff   40       602.00000  607.29538  0.88%   583  105s
 33925  7340  605.59195   38 1063  602.00000  607.18707  0.86%   588  111s
 36520  7439  604.76816   38 1107  602.00000  607.08966  0.85%   589  116s
 37635  7650  605.07464   39 1115  602.00000  607.02547  0.83%   592  120s
 40122  7745  605.91765   39 1066  602.00000  606.91700  0.82%   597  126s
 41568  7778  604.51137   42 1035  602.00000  606.86418  0.81%   599  130s
 44269  7844     cutoff   50       602.00000  606.73756  0.79%   604  138s
 45875  7970  605.32309   38 1064  602.00000  606.69736  0.78%   605  142s
 47511  7982  605.02805   43 1042  602.00000  606.61455  0.77%   606  146s
 49306  7978  604.30162   43 1047  602.00000  606.52763  0.75%   607  150s
 51275  8002  604.03313   38 1100  602.00000  606.47075  0.74%   607  159s
 52130  8010     cutoff   39       602.00000  606.46658  0.74%   607  164s
 54170  7939     cutoff   39       602.00000  606.38037  0.73%   608  169s
 56389  7871     cutoff   42       602.00000  606.27256  0.71%   609  174s
 58581  7741     cutoff   43       602.00000  606.19774  0.70%   609  179s
 60913  7597  604.47256   45  928  602.00000  606.11463  0.68%   610  184s
 63304  7408     cutoff   46       602.00000  606.02916  0.67%   610  190s
 65700  7135  604.23606   44 1047  602.00000  605.94483  0.66%   611  196s
 68185  6824  604.25116   43 1099  602.00000  605.85112  0.64%   611  201s
 70826  6416     cutoff   42       602.00000  605.76457  0.63%   611  207s
 73621  5915     cutoff   43       602.00000  605.66769  0.61%   611  214s
 76427  5442     cutoff   42       602.00000  605.56922  0.59%   611  220s
 78980  4672     cutoff   45       602.00000  605.46816  0.58%   610  227s
 82102  3630  604.26492   40 1090  602.00000  605.34811  0.56%   610  234s
 85349  2195     cutoff   43       602.00000  605.18287  0.53%   609  241s
 88495   388     cutoff   46       602.00000  604.95493  0.49%   609  247s

Cutting planes:
  Gomory: 59
  MIR: 1
  Zero half: 1057
  RLT: 1

Explored 91264 nodes (55066735 simplex iterations) in 247.63 seconds (774.67 work units)
Thread count was 32 (of 64 available processors)

Solution count 4: 602 600 598 -0 

Optimal solution found (tolerance 1.00e-04)
Best objective 6.020000000000e+02, best bound 6.020000000000e+02, gap 0.0000%

Gurobi 12.0.0 (linux64) logging started Tue Mar  3 07:40:48 2026

Set parameter WLSAccessID
Set parameter WLSSecret
Set parameter LicenseID to value 2531729
Academic license 2531729 - for non-commercial use only - registered to ns___@vols.utk.edu
Set parameter OutputFlag to value 1
Read MPS format model from file Initial_problem_set/Test_prob_67.mps
Reading time = 0.00 seconds
obj: 0 rows, 325 columns, 0 nonzeros
Gurobi Optimizer version 12.0.0 build v12.0.0rc1 (linux64 - "Ubuntu 22.04.5 LTS")

CPU model: AMD Ryzen Threadripper PRO 5975WX 32-Cores, instruction set [SSE2|AVX|AVX2]
Thread count: 32 physical cores, 64 logical processors, using up to 32 threads

Academic license 2531729 - for non-commercial use only - registered to ns___@vols.utk.edu
Optimize a model with 0 rows, 325 columns and 0 nonzeros
Model fingerprint: 0x7f44da8b
Model has 624 quadratic objective terms
Variable types: 0 continuous, 325 integer (325 binary)
Coefficient statistics:
  Matrix range     [0e+00, 0e+00]
  Objective range  [2e+00, 4e+00]
  QObjective range [4e+00, 4e+00]
  Bounds range     [1e+00, 1e+00]
  RHS range        [0e+00, 0e+00]
Found heuristic solution: objective -0.0000000
Found heuristic solution: objective 328.0000000
Found heuristic solution: objective 330.0000000
Presolve removed 0 rows and 26 columns
Presolve time: 0.03s
Presolved: 594 rows, 893 columns, 1782 nonzeros
Variable types: 0 continuous, 893 integer (893 binary)

Root relaxation: objective 4.200000e+02, 424 iterations, 0.00 seconds (0.00 work units)

    Nodes    |    Current Node    |     Objective Bounds      |     Work
 Expl Unexpl |  Obj  Depth IntInf | Incumbent    BestBd   Gap | It/Node Time

     0     0  420.00000    0  298  330.00000  420.00000  27.3%     -    0s
     0     0  401.00000    0  317  330.00000  401.00000  21.5%     -    0s
     0     0  400.50000    0  320  330.00000  400.50000  21.4%     -    0s
     0     0  384.29167    0  345  330.00000  384.29167  16.5%     -    0s
     0     0  384.00000    0  334  330.00000  384.00000  16.4%     -    0s
     0     0  373.16667    0  357  330.00000  373.16667  13.1%     -    0s
     0     0  373.16667    0  338  330.00000  373.16667  13.1%     -    0s
     0     2  373.16667    0  338  330.00000  373.16667  13.1%     -    0s
H 3389  2630                     332.0000000  340.81266  2.65%   103    3s
* 4680  2804              42     334.0000000  338.40066  1.32%   163    4s
  4889  2702  337.37246   22  584  334.00000  338.30747  1.29%   165    5s

Cutting planes:
  Gomory: 44
  MIR: 4
  Flow cover: 1
  Zero half: 528

Explored 7101 nodes (1331591 simplex iterations) in 6.40 seconds (12.50 work units)
Thread count was 32 (of 64 available processors)

Solution count 5: 334 332 330 ... -0

Optimal solution found (tolerance 1.00e-04)
Best objective 3.340000000000e+02, best bound 3.340000000000e+02, gap 0.0000%

Gurobi 12.0.0 (linux64) logging started Tue Mar  3 12:19:41 2026

Set parameter WLSAccessID
Set parameter WLSSecret
Set parameter LicenseID to value 2531729
Academic license 2531729 - for non-commercial use only - registered to ns___@vols.utk.edu
Set parameter OutputFlag to value 1
Read MPS format model from file Initial_problem_set/Test_prob_19.mps
Reading time = 0.00 seconds
obj: 0 rows, 703 columns, 0 nonzeros
Gurobi Optimizer version 12.0.0 build v12.0.0rc1 (linux64 - "Ubuntu 22.04.5 LTS")

CPU model: AMD Ryzen Threadripper PRO 5975WX 32-Cores, instruction set [SSE2|AVX|AVX2]
Thread count: 32 physical cores, 64 logical processors, using up to 32 threads

Academic license 2531729 - for non-commercial use only - registered to ns___@vols.utk.edu
Optimize a model with 0 rows, 703 columns and 0 nonzeros
Model fingerprint: 0x484aa5f4
Model has 1368 quadratic objective terms
Variable types: 0 continuous, 703 integer (703 binary)
Coefficient statistics:
  Matrix range     [0e+00, 0e+00]
  Objective range  [2e+00, 4e+00]
  QObjective range [4e+00, 4e+00]
  Bounds range     [1e+00, 1e+00]
  RHS range        [0e+00, 0e+00]
Found heuristic solution: objective -0.0000000
Found heuristic solution: objective 666.0000000
Presolve removed 0 rows and 38 columns
Presolve time: 0.07s
Presolved: 1326 rows, 1991 columns, 3978 nonzeros
Variable types: 0 continuous, 1991 integer (1991 binary)

Root relaxation: objective 8.620000e+02, 933 iterations, 0.00 seconds (0.01 work units)

    Nodes    |    Current Node    |     Objective Bounds      |     Work
 Expl Unexpl |  Obj  Depth IntInf | Incumbent    BestBd   Gap | It/Node Time

     0     0  862.00000    0  664  666.00000  862.00000  29.4%     -    0s
     0     0  819.50000    0  711  666.00000  819.50000  23.0%     -    0s
     0     0  819.50000    0  712  666.00000  819.50000  23.0%     -    0s
     0     0  786.80000    0  799  666.00000  786.80000  18.1%     -    0s
     0     0  786.80000    0  791  666.00000  786.80000  18.1%     -    0s
     0     2  786.80000    0  788  666.00000  786.80000  18.1%     -    0s
H 2315  2298                     668.0000000  780.70476  16.9%  77.8    1s
  6165  5554  720.71006   10 1276  668.00000  720.71006  7.89%  74.6    5s
  6192  5572  700.50000   55 1420  668.00000  702.38857  5.15%  74.3   10s
H 6200  5297                     670.0000000  700.86285  4.61%  74.2   12s
H 6200  5031                     672.0000000  700.86285  4.30%  74.2   12s
H 6202  4780                     674.0000000  700.62485  3.95%  74.2   13s
H 6204  4541                     676.0000000  700.60556  3.64%  74.1   13s
  6210  4545  700.03693   44 1417  676.00000  700.03693  3.56%  74.1   15s
  6229  4558  698.45303   18 1444  676.00000  698.45303  3.32%  73.9   20s
  6253  4574  697.57921   17 1427  676.00000  697.57921  3.19%  73.6   25s
  6268  4585  696.59218   47 1261  676.00000  696.59218  3.05%  93.6   30s
  6287  4598  695.27659   14 1284  676.00000  695.27659  2.85%  93.3   35s
  6350  4673  692.64795   26 1313  676.00000  694.10775  2.68%   132   40s
  7223  5286  689.11561   37 1251  676.00000  694.10775  2.68%   218   45s
* 7437  5120              79     680.0000000  694.10775  2.07%   227   45s
  8373  5566  683.16532   52 1141  680.00000  693.84218  2.04%   269   50s
  9177  5842  691.04746   32 1256  680.00000  693.56550  1.99%   306   55s
 10085  6175  686.14674   43 1206  680.00000  693.42315  1.97%   339   60s
 11166  6453  683.14641   45 1197  680.00000  693.24697  1.95%   378   65s
*11536  5596              76     682.0000000  693.24697  1.65%   388   66s
 12027  5831  685.55169   42 1224  682.00000  693.24697  1.65%   401   70s

Gurobi 12.0.0 (linux64) logging started Tue Mar  3 12:20:59 2026

Set parameter WLSAccessID
Set parameter WLSSecret
Set parameter LicenseID to value 2531729
Academic license 2531729 - for non-commercial use only - registered to ns___@vols.utk.edu
Set parameter OutputFlag to value 1
Read MPS format model from file Initial_problem_set/Test_prob_15.mps
Reading time = 0.00 seconds
obj: 1 rows, 250 columns, 250 nonzeros
Gurobi Optimizer version 12.0.0 build v12.0.0rc1 (linux64 - "Ubuntu 22.04.5 LTS")

CPU model: AMD Ryzen Threadripper PRO 5975WX 32-Cores, instruction set [SSE2|AVX|AVX2]
Thread count: 32 physical cores, 64 logical processors, using up to 32 threads

Academic license 2531729 - for non-commercial use only - registered to ns___@vols.utk.edu
Optimize a model with 1 rows, 250 columns and 250 nonzeros
Model fingerprint: 0xa78ca6a0
Model has 3134 quadratic objective terms
Variable types: 0 continuous, 250 integer (250 binary)
Coefficient statistics:
  Matrix range     [1e+00, 1e+00]
  Objective range  [0e+00, 0e+00]
  QObjective range [2e+00, 2e+02]
  Bounds range     [1e+00, 1e+00]
  RHS range        [1e+00, 1e+00]
Found heuristic solution: objective 2375.0000000
Presolve time: 0.09s
Presolved: 3115 rows, 3364 columns, 9592 nonzeros
Variable types: 0 continuous, 3364 integer (3364 binary)

Root relaxation: objective 4.000750e+04, 640 iterations, 0.02 seconds (0.02 work units)

    Nodes    |    Current Node    |     Objective Bounds      |     Work
 Expl Unexpl |  Obj  Depth IntInf | Incumbent    BestBd   Gap | It/Node Time

     0     0 40007.5000    0  250 2375.00000 40007.5000  1585%     -    0s
H    0     0                    3835.0000000 40007.5000   943%     -    0s
H    0     0                    4161.0000000 40007.5000   861%     -    0s
H    0     0                    5161.0000000 40007.5000   675%     -    0s
H    0     0                    6495.0000000 40007.5000   516%     -    0s
H    0     0                    6851.0000000 40007.5000   484%     -    0s
H    0     0                    7578.0000000 31286.5000   313%     -    0s
H    0     0                    7630.0000000 31286.5000   310%     -    0s
H    0     0                    8985.0000000 31286.5000   248%     -    0s
H    0     0                    9312.0000000 31286.5000   236%     -    0s
     0     0 31286.5000    0  866 9312.00000 31286.5000   236%     -    0s
H    0     0                    10663.000000 30486.0000   186%     -    0s
H    0     0                    10738.000000 30486.0000   184%     -    0s
     0     0 30486.0000    0  924 10738.0000 30486.0000   184%     -    0s
     0     0 30448.0000    0  925 10738.0000 30448.0000   184%     -    0s
H    0     0                    12117.000000 29496.0000   143%     -    1s
H    0     0                    12197.000000 29496.0000   142%     -    1s
H    0     0                    12477.000000 29496.0000   136%     -    1s
H    0     0                    13502.000000 29496.0000   118%     -    1s
H    0     0                    13551.000000 29496.0000   118%     -    1s
H    0     0                    13557.000000 29496.0000   118%     -    1s
H    0     0                    13665.000000 29496.0000   116%     -    1s
     0     0 29496.0000    0 1020 13665.0000 29496.0000   116%     -    1s
     0     0 29496.0000    0 1020 13665.0000 29496.0000   116%     -    1s
H    0     2                    14109.000000 29495.5000   109%     -    1s
     0     2 29495.5000    0 1020 14109.0000 29495.5000   109%     -    1s
H    7    16                    15021.000000 29243.6389  94.7%   257    1s
H   31    64                    15514.000000 28994.0000  86.9%   314    1s
H   33    64                    16840.000000 28994.0000  72.2%   310    1s
H   95   151                    17641.000000 28772.1667  63.1%   300    2s
H  125   151                    18287.000000 28772.1667  57.3%   286    2s
H  150   209                    18300.000000 28772.1667  57.2%   274    2s
H  220   246                    18668.000000 28772.1667  54.1%   264    2s
H  316   382                    18679.000000 28772.1667  54.0%   250    2s
H  318   382                    18772.000000 28772.1667  53.3%   249    2s
H  320   382                    19525.000000 28772.1667  47.4%   249    2s
H  337   382                    20000.000000 28772.1667  43.9%   246    2s
H  344   382                    20062.000000 28772.1667  43.4%   245    2s
H  381   441                    20072.000000 28772.1667  43.3%   238    2s
H  440   501                    20549.000000 28772.1667  40.0%   238    2s
H  444   501                    21032.000000 28772.1667  36.8%   237    2s
H  475   501                    21185.000000 28772.1667  35.8%   234    2s
H  555   603                    21223.000000 28772.1667  35.6%   232    2s
H  568   603                    21234.000000 28772.1667  35.5%   235    2s
H  572   603                    21237.000000 28772.1667  35.5%   236    2s
H  659   718                    21259.000000 28772.1667  35.3%   235    3s
H  661   718                    21517.000000 28772.1667  33.7%   235    3s
H  665   718                    21579.000000 28772.1667  33.3%   235    3s
H  674   718                    21646.000000 28772.1667  32.9%   235    3s
H  714   718                    21904.000000 28772.1667  31.4%   232    3s
H  782   838                    22228.000000 28772.1667  29.4%   227    3s
H  797   838                    22525.000000 28772.1667  27.7%   226    3s
H  869   902                    22617.000000 28772.1667  27.2%   222    3s
H  870   902                    22854.000000 28772.1667  25.9%   222    3s
H  875   902                    22883.000000 28772.1667  25.7%   221    3s
H  900   902                    22904.000000 28772.1667  25.6%   221    3s
H  983  1004                    22931.000000 28691.8333  25.1%   217    3s
H  985  1004                    23122.000000 28691.8333  24.1%   217    3s
H  988  1004                    23144.000000 28691.8333  24.0%   217    3s
H  990  1004                    23191.000000 28691.8333  23.7%   217    3s
H  996  1004                    23390.000000 28691.8333  22.7%   217    3s
H 1122  1101                    23450.000000 28691.8333  22.4%   214    3s
H 1128  1101                    23470.000000 28691.8333  22.2%   214    3s
H 1130  1101                    23561.000000 28691.8333  21.8%   214    3s
H 1163  1101                    23662.000000 28691.8333  21.3%   213    3s
H 1272  1198                    23773.000000 28691.8333  20.7%   210    4s
H 1285  1198                    23856.000000 28691.8333  20.3%   209    4s
H 1445  1322                    23895.000000 28532.1667  19.4%   206    4s
H 1452  1322                    23908.000000 28532.1667  19.3%   207    4s
H 1453  1322                    23935.000000 28532.1667  19.2%   207    4s
H 1591  1451                    23989.000000 28532.1667  18.9%   210    4s
H 1593  1451                    24007.000000 28532.1667  18.8%   210    4s
H 1794  1583                    24024.000000 28440.6250  18.4%   213    4s
  1841  1661 24432.0000   28 1157 24024.0000 28374.3333  18.1%   215    5s
H 2000  1826                    24038.000000 28374.3333  18.0%   217    5s
  3625  2869 24443.5000   36  250 24038.0000 28312.0000  17.8%   221   10s
  3646  2883 26780.6041   12 2400 24038.0000 26780.6041  11.4%   220   16s
  3658  2891 26235.7794   13 2462 24038.0000 26235.7794  9.14%   219   20s
  3681  2907 25992.9909   12 2505 24038.0000 25992.9909  8.13%   218   25s
  3704  2922 24954.3500   24 2534 24038.0000 25818.6777  7.41%   217   30s
  3721  2933 25221.3333   24 2531 24038.0000 25766.9366  7.19%   216   35s

Gurobi 12.0.0 (linux64) logging started Tue Mar  3 12:26:03 2026

Set parameter WLSAccessID
Set parameter WLSSecret
Set parameter LicenseID to value 2531729
Academic license 2531729 - for non-commercial use only - registered to ns___@vols.utk.edu
Set parameter OutputFlag to value 1
Read MPS format model from file Initial_problem_set/Test_prob_15.mps
Reading time = 0.00 seconds
obj: 1 rows, 250 columns, 250 nonzeros
Gurobi Optimizer version 12.0.0 build v12.0.0rc1 (linux64 - "Ubuntu 22.04.5 LTS")

CPU model: AMD Ryzen Threadripper PRO 5975WX 32-Cores, instruction set [SSE2|AVX|AVX2]
Thread count: 32 physical cores, 64 logical processors, using up to 32 threads

Academic license 2531729 - for non-commercial use only - registered to ns___@vols.utk.edu
Optimize a model with 1 rows, 250 columns and 250 nonzeros
Model fingerprint: 0xa78ca6a0
Model has 3134 quadratic objective terms
Variable types: 0 continuous, 250 integer (250 binary)
Coefficient statistics:
  Matrix range     [1e+00, 1e+00]
  Objective range  [0e+00, 0e+00]
  QObjective range [2e+00, 2e+02]
  Bounds range     [1e+00, 1e+00]
  RHS range        [1e+00, 1e+00]
Found heuristic solution: objective 2375.0000000
Presolve time: 0.13s
Presolved: 3115 rows, 3364 columns, 9592 nonzeros
Variable types: 0 continuous, 3364 integer (3364 binary)

Root relaxation: objective 4.000750e+04, 640 iterations, 0.01 seconds (0.02 work units)

    Nodes    |    Current Node    |     Objective Bounds      |     Work
 Expl Unexpl |  Obj  Depth IntInf | Incumbent    BestBd   Gap | It/Node Time

     0     0 40007.5000    0  250 2375.00000 40007.5000  1585%     -    0s
H    0     0                    3835.0000000 40007.5000   943%     -    0s
H    0     0                    4161.0000000 40007.5000   861%     -    0s
H    0     0                    5161.0000000 40007.5000   675%     -    0s
H    0     0                    6495.0000000 40007.5000   516%     -    0s
H    0     0                    6851.0000000 40007.5000   484%     -    0s
H    0     0                    7578.0000000 31286.5000   313%     -    0s
H    0     0                    7630.0000000 31286.5000   310%     -    0s
H    0     0                    8985.0000000 31286.5000   248%     -    0s
H    0     0                    9312.0000000 31286.5000   236%     -    0s
     0     0 31286.5000    0  866 9312.00000 31286.5000   236%     -    0s
H    0     0                    10663.000000 30486.0000   186%     -    0s
H    0     0                    10738.000000 30486.0000   184%     -    0s
     0     0 30486.0000    0  924 10738.0000 30486.0000   184%     -    0s
     0     0 30448.0000    0  925 10738.0000 30448.0000   184%     -    0s
H    0     0                    12117.000000 29496.0000   143%     -    1s
H    0     0                    12197.000000 29496.0000   142%     -    1s
H    0     0                    12477.000000 29496.0000   136%     -    1s
H    0     0                    13502.000000 29496.0000   118%     -    1s
H    0     0                    13551.000000 29496.0000   118%     -    1s
H    0     0                    13557.000000 29496.0000   118%     -    1s
H    0     0                    13665.000000 29496.0000   116%     -    1s
     0     0 29496.0000    0 1020 13665.0000 29496.0000   116%     -    1s
     0     0 29496.0000    0 1020 13665.0000 29496.0000   116%     -    1s
H    0     2                    14109.000000 29495.5000   109%     -    1s
     0     2 29495.5000    0 1020 14109.0000 29495.5000   109%     -    1s
H    7    16                    15021.000000 29243.6389  94.7%   257    1s
H   31    64                    15514.000000 28994.0000  86.9%   314    1s
H   33    64                    16840.000000 28994.0000  72.2%   310    1s
H   95   151                    17641.000000 28772.1667  63.1%   300    2s
H  125   151                    18287.000000 28772.1667  57.3%   286    2s
H  150   209                    18300.000000 28772.1667  57.2%   274    2s
H  220   246                    18668.000000 28772.1667  54.1%   264    2s
H  316   382                    18679.000000 28772.1667  54.0%   250    2s
H  318   382                    18772.000000 28772.1667  53.3%   249    2s
H  320   382                    19525.000000 28772.1667  47.4%   249    2s
H  337   382                    20000.000000 28772.1667  43.9%   246    2s
H  344   382                    20062.000000 28772.1667  43.4%   245    2s
H  381   441                    20072.000000 28772.1667  43.3%   238    2s
H  440   501                    20549.000000 28772.1667  40.0%   238    2s
H  444   501                    21032.000000 28772.1667  36.8%   237    2s
H  475   501                    21185.000000 28772.1667  35.8%   234    2s
H  555   603                    21223.000000 28772.1667  35.6%   232    2s
H  568   603                    21234.000000 28772.1667  35.5%   235    2s
H  572   603                    21237.000000 28772.1667  35.5%   236    2s
H  659   718                    21259.000000 28772.1667  35.3%   235    2s
H  661   718                    21517.000000 28772.1667  33.7%   235    2s
H  665   718                    21579.000000 28772.1667  33.3%   235    2s
H  674   718                    21646.000000 28772.1667  32.9%   235    2s
H  714   718                    21904.000000 28772.1667  31.4%   232    2s
H  782   838                    22228.000000 28772.1667  29.4%   227    3s
H  797   838                    22525.000000 28772.1667  27.7%   226    3s
H  869   902                    22617.000000 28772.1667  27.2%   222    3s
H  870   902                    22854.000000 28772.1667  25.9%   222    3s
H  875   902                    22883.000000 28772.1667  25.7%   221    3s
H  900   902                    22904.000000 28772.1667  25.6%   221    3s
H  983  1004                    22931.000000 28691.8333  25.1%   217    3s
H  985  1004                    23122.000000 28691.8333  24.1%   217    3s
H  988  1004                    23144.000000 28691.8333  24.0%   217    3s
H  990  1004                    23191.000000 28691.8333  23.7%   217    3s
H  996  1004                    23390.000000 28691.8333  22.7%   217    3s
H 1122  1101                    23450.000000 28691.8333  22.4%   214    3s
H 1128  1101                    23470.000000 28691.8333  22.2%   214    3s
H 1130  1101                    23561.000000 28691.8333  21.8%   214    3s
H 1163  1101                    23662.000000 28691.8333  21.3%   213    3s
H 1272  1198                    23773.000000 28691.8333  20.7%   210    3s
H 1285  1198                    23856.000000 28691.8333  20.3%   209    3s
H 1445  1322                    23895.000000 28532.1667  19.4%   206    4s
H 1452  1322                    23908.000000 28532.1667  19.3%   207    4s
H 1453  1322                    23935.000000 28532.1667  19.2%   207    4s
H 1591  1451                    23989.000000 28532.1667  18.9%   210    4s
H 1593  1451                    24007.000000 28532.1667  18.8%   210    4s
H 1794  1583                    24024.000000 28440.6250  18.4%   213    4s
H 2000  1826                    24038.000000 28374.3333  18.0%   217    5s
  3625  2869 24443.5000   36  250 24038.0000 28312.0000  17.8%   221   10s
  3646  2883 26780.6041   12 2400 24038.0000 26780.6041  11.4%   220   16s
  3658  2891 26235.7794   13 2462 24038.0000 26235.7794  9.14%   219   20s
  3681  2907 25992.9909   12 2505 24038.0000 25992.9909  8.13%   218   25s
  3703  2921 25821.0630   12 2527 24038.0000 25821.0630  7.42%   217   30s
  3721  2933 25221.3333   24 2531 24038.0000 25766.9366  7.19%   216   35s
  3728  2947 25281.3206   14 2417 24038.0000 25586.4169  6.44%   246   40s
  3816  3041 24709.1877   18 2304 24038.0000 25344.6237  5.44%   321   45s
  4180  3169 24241.3861   22 2266 24038.0000 25344.6237  5.44%   428   50s
  4411  3201 24040.1900   25 2205 24038.0000 25245.2940  5.02%   492   55s
H 4502  3040                    24041.000000 25192.2638  4.79%   526   57s
  4682  3050 24857.1816   21 2358 24041.0000 25147.6529  4.60%   564   60s
H 4690  2906                    24071.000000 25147.6529  4.47%   567   60s
  5212  3065 24303.9265   29 2217 24071.0000 25099.6809  4.27%   636   66s
  5613  3174 24810.4212   19 2353 24071.0000 25059.2286  4.11%   693   70s
